App_time;Step_number;Insole_timer;Contact_time;S0_force;S0_start_time;S0_max_time;S0_end_time;S1_force;S1_start_time;S1_max_time;S1_end_time;S2_force;S2_start_time;S2_max_time;S2_end_time;S3_force;S3_start_time;S3_max_time;S3_end_time;S4_force;S4_start_time;S4_max_time;S4_end_time;S5_force;S5_start_time;S5_max_time;S5_end_time;S6_force;S6_start_time;S6_max_time;S6_end_time;F1_force;F1_time;F2_force;F2_time;F3_force;F3_time;Warning_code;Left/Right;Size;Insole_id;label
19:56:14.207;1;0;310;47;0;40;300;36;0;50;210;39;0;50;260;103;10;110;300;184;20;160;310;168;50;200;310;178;40;160;300;256;50;0;0;1210;140;0;L;40;5258;TRUE
19:56:14.905;2;670;340;107;50;90;340;73;50;100;340;83;50;100;300;114;0;150;340;138;90;190;330;166;100;240;340;150;90;200;320;595;100;0;0;1130;170;0;L;40;5258;TRUE
19:56:15.817;3;1410;300;118;0;40;290;75;0;50;190;89;0;50;250;98;30;100;290;144;40;150;290;178;60;190;300;150;50;150;280;580;50;0;0;1070;130;0;L;40;5258;TRUE
19:56:16.306;4;2100;310;154;0;50;300;98;0;50;200;116;0;50;260;110;20;110;300;146;40;160;300;158;70;200;310;146;60;160;280;845;50;0;0;1135;130;0;L;40;5258;TRUE
19:56:17.031;5;2820;310;132;0;40;200;87;0;50;200;102;0;50;260;107;20;110;260;142;40;160;290;164;50;190;310;146;40;150;280;720;50;0;0;1130;130;0;L;40;5258;TRUE
19:56:17.735;6;3530;300;101;0;40;190;68;0;50;250;80;0;50;260;109;20;110;300;160;40;160;300;158;60;200;300;162;50;150;290;544;50;0;0;1155;130;0;L;40;5258;TRUE
19:56:18.448;7;4200;340;138;40;80;230;93;40;90;230;106;40;90;300;115;0;140;300;140;80;190;330;156;80;230;340;136;80;190;320;760;90;0;0;1095;160;0;L;40;5258;TRUE
19:56:19.241;8;4910;310;82;0;50;200;53;10;60;200;60;10;60;270;105;0;120;310;164;50;160;300;174;70;200;310;160;70;160;300;400;60;0;0;1160;150;0;L;40;5258;TRUE
19:56:19.832;9;5600;320;110;0;50;210;67;10;50;200;83;0;50;280;106;20;120;270;160;50;170;310;162;60;210;320;160;50;160;300;562;50;0;0;1170;140;0;L;40;5258;TRUE
19:56:20.531;10;6290;330;125;30;70;230;86;30;80;220;99;30;80;290;117;0;130;280;144;60;180;320;144;80;220;330;146;70;180;310;735;80;0;0;1125;150;0;L;40;5258;TRUE
19:56:21.237;11;7020;300;113;0;40;190;74;0;50;190;88;0;50;260;108;20;110;300;160;40;150;300;160;60;190;300;160;50;150;290;592;50;0;0;1155;130;0;L;40;5258;TRUE
19:56:21.966;12;7740;310;132;0;50;200;87;0;60;200;101;0;50;270;110;20;110;260;152;40;160;300;144;70;200;310;156;50;160;290;715;50;0;0;1140;140;0;L;40;5258;TRUE
19:56:22.696;13;8470;310;108;0;40;200;73;0;50;200;85;0;50;270;113;20;110;270;166;40;160;310;150;40;200;310;156;40;160;290;592;50;0;0;1170;130;0;L;40;5258;TRUE
19:56:23.425;14;9160;340;118;20;70;230;78;20;70;230;92;20;70;300;109;0;130;280;150;60;180;330;160;70;230;340;162;70;190;320;631;70;0;0;1155;160;0;L;40;5258;TRUE
19:56:24.166;15;9920;330;121;0;50;220;80;0;60;210;91;0;50;290;98;20;120;280;150;40;170;320;162;60;220;330;162;50;180;310;622;50;0;0;1125;150;0;L;40;5258;TRUE
19:56:24.888;16;10650;320;103;0;50;200;68;0;50;200;81;0;50;280;106;20;120;320;160;40;160;310;150;60;210;320;166;50;160;300;544;50;0;0;1145;140;0;L;40;5258;TRUE
19:56:25.590;17;11330;350;121;20;70;230;80;20;80;230;92;20;70;310;107;0;130;290;134;60;190;330;150;90;230;350;156;70;190;330;655;70;0;0;1080;160;0;L;40;5258;TRUE
19:56:26.529;18;12040;360;140;20;70;240;88;30;80;240;105;20;70;250;107;0;140;300;119;70;190;340;138;90;240;360;134;80;190;330;805;70;0;0;1060;160;0;L;40;5258;TRUE
19:56:27.061;19;12720;410;154;50;100;270;98;50;100;270;113;50;100;280;83;0;160;370;94;100;220;400;140;110;270;410;112;110;210;410;860;100;0;0;895;180;0;L;40;5258;TRUE
19:56:27.975;20;13330;400;0;0;0;0;0;0;0;0;0;0;0;0;61;0;110;260;85;20;150;390;108;40;210;400;92;30;160;380;0;0;0;0;700;150;0;L;40;5258;TRUE
19:56:28.596;21;14120;440;0;0;0;0;0;0;0;0;0;0;0;0;50;0;130;440;180;30;240;430;192;60;320;440;198;40;270;420;0;0;0;0;1150;260;0;L;40;5258;TRUE
19:56:29.225;22;14940;350;77;10;50;230;54;10;60;220;64;10;60;320;111;0;130;310;154;50;180;340;148;70;240;350;160;60;180;330;427;60;0;0;1110;160;0;L;40;5258;TRUE
19:56:29.933;23;15670;330;76;0;50;220;49;10;50;220;55;10;50;300;107;0;120;330;162;40;170;330;142;70;220;330;170;50;180;320;385;50;0;0;1125;150;0;L;40;5258;TRUE
19:56:30.862;24;16370;350;100;20;70;230;64;30;80;230;80;20;70;310;111;0;140;350;168;60;190;340;166;80;230;350;156;80;190;330;526;70;0;0;1205;170;0;L;40;5258;TRUE
19:56:31.850;25;17130;320;103;0;50;210;69;10;60;200;79;10;50;290;111;10;120;320;166;40;170;320;127;50;220;320;160;50;170;310;559;50;0;0;1120;140;0;L;40;5258;TRUE
19:56:32.114;26;17860;310;107;0;40;200;72;0;50;200;83;0;50;280;112;20;110;270;172;40;170;310;115;50;210;310;172;50;160;310;580;50;0;0;1155;140;0;L;40;5258;TRUE
19:56:32.830;27;18570;320;106;10;60;220;73;10;60;220;82;10;60;300;117;0;130;290;170;50;180;320;102;80;230;320;168;60;180;320;607;60;0;0;1160;150;0;L;40;5258;TRUE
19:56:33.673;28;19280;340;101;30;70;240;68;30;80;230;78;30;80;310;119;0;140;300;178;70;200;340;128;90;240;340;178;80;200;340;544;80;0;0;1215;170;0;L;40;5258;TRUE
19:56:34.549;29;20050;340;123;0;50;230;79;10;60;230;93;0;50;310;105;30;130;300;150;50;180;340;132;70;230;340;158;60;190;330;665;60;0;0;1105;150;0;L;40;5258;TRUE
19:56:35.075;30;20800;320;117;0;50;220;75;10;60;210;92;0;60;290;110;20;120;280;158;40;170;320;130;70;220;320;162;50;180;310;640;60;0;0;1135;150;0;L;40;5258;TRUE
19:56:35.809;31;21520;340;92;20;70;230;61;30;80;230;74;20;70;310;108;0;140;300;160;60;190;340;138;80;230;340;174;70;190;330;490;70;0;0;1135;160;0;L;40;5258;TRUE
19:56:36.757;32;22270;320;102;0;50;210;66;10;50;200;82;0;50;290;111;20;110;280;150;40;160;320;140;40;210;320;156;40;170;310;568;50;0;0;1130;140;0;L;40;5258;TRUE
19:56:37.266;33;23000;320;108;0;50;210;69;10;60;210;84;0;60;290;111;20;120;280;164;50;170;320;134;70;210;320;162;60;170;310;589;60;0;0;1185;150;0;L;40;5258;TRUE
19:56:38.009;34;23740;320;120;0;50;220;76;10;70;220;88;10;60;290;111;30;120;280;164;50;180;320;125;80;220;320;164;70;180;310;637;60;0;0;1140;150;0;L;40;5258;TRUE
19:56:38.770;35;24440;370;156;40;90;260;102;50;100;260;122;40;100;350;123;0;160;340;142;80;220;370;105;130;270;370;130;100;220;360;1015;100;0;0;1080;170;0;L;40;5258;TRUE
19:56:39.479;36;25200;330;105;0;50;220;68;10;60;220;78;10;60;300;104;20;130;290;168;50;180;330;132;90;220;330;178;60;180;320;529;60;0;0;1125;160;0;L;40;5258;TRUE
19:56:40.230;37;25940;330;134;0;50;220;87;0;50;220;102;0;50;310;106;20;120;290;168;40;170;330;136;80;220;330;162;60;180;320;710;50;0;0;1140;150;0;L;40;5258;TRUE
19:56:41.082;38;26650;370;116;30;80;250;77;30;90;250;89;30;90;340;117;0;160;320;150;80;210;360;142;110;260;370;156;100;210;350;645;90;0;0;1145;180;0;L;40;5258;TRUE
19:56:41.725;39;27420;340;128;0;40;210;82;0;50;210;96;0;40;220;98;20;120;290;144;40;170;330;142;70;220;340;156;60;170;320;660;40;0;0;1065;150;0;L;40;5258;TRUE
19:56:42.705;40;28170;360;125;0;60;240;78;10;70;240;93;0;60;250;107;30;140;310;148;60;200;360;116;90;250;360;168;70;200;350;675;60;0;0;1105;160;0;L;40;5258;TRUE
19:56:43.501;41;28910;630;184;50;100;290;118;50;100;310;138;50;100;320;94;0;160;600;83;100;220;620;160;120;490;630;87;120;230;600;905;170;373;360;547;480;0;L;40;5258;TRUE
19:56:13.905;1;0;450;37;0;50;310;32;0;60;320;37;0;50;320;59;10;120;350;240;30;230;450;222;90;290;450;156;60;250;450;194;50;0;0;1275;240;0;R;40;2244;TRUE
19:56:14.814;2;780;360;96;0;60;260;70;0;60;240;73;10;60;240;121;30;130;350;212;50;180;360;186;70;210;360;136;70;170;360;517;60;0;0;1310;150;0;R;40;2244;TRUE
19:56:15.296;3;1500;340;134;0;50;250;96;0;50;220;107;0;50;220;118;0;110;330;200;40;160;340;182;50;190;340;115;50;150;330;735;50;0;0;1210;130;0;R;40;2244;TRUE
19:56:15.982;4;2190;330;134;0;50;250;95;0;50;240;105;0;50;210;117;20;110;330;184;50;160;330;170;60;190;330;104;60;150;330;750;50;0;0;1150;130;0;R;40;2244;TRUE
19:56:16.705;5;2910;330;144;0;40;250;103;0;50;210;113;0;50;210;117;10;100;330;192;40;150;330;164;50;180;330;107;50;140;320;780;40;0;0;1135;120;0;R;40;2244;TRUE
19:56:17.422;6;3610;350;128;0;50;280;89;10;60;270;99;10;60;250;114;30;120;340;204;50;170;350;160;70;210;350;118;60;160;350;670;60;0;0;1150;140;0;R;40;2244;TRUE
19:56:18.123;7;4320;340;140;0;50;260;97;0;50;250;107;0;50;240;109;40;110;330;188;50;160;340;176;60;190;340;125;60;160;330;715;50;0;0;1150;130;0;R;40;2244;TRUE
19:56:18.838;8;5020;350;136;0;50;270;97;0;60;260;106;0;60;230;117;30;120;340;192;50;170;350;158;60;200;350;111;60;160;350;750;50;0;0;1145;140;0;R;40;2244;TRUE
19:56:19.508;9;5710;340;154;0;50;260;112;0;50;250;122;0;50;200;114;0;110;340;184;50;160;340;154;60;190;340;109;50;150;340;875;50;0;0;1135;120;0;R;40;2244;TRUE
19:56:20.337;10;6400;360;119;0;50;270;83;0;60;260;91;0;60;250;105;30;120;280;202;50;170;360;172;60;200;360;130;60;160;350;598;50;0;0;1160;150;0;R;40;2244;TRUE
19:56:20.937;11;7090;360;127;0;50;270;89;0;60;260;97;0;50;250;116;30;120;350;214;50;170;360;178;60;200;360;125;60;160;350;650;50;0;0;1210;140;0;R;40;2244;TRUE
19:56:21.652;12;7820;350;156;0;40;270;112;0;50;260;123;0;50;250;115;20;110;340;186;50;160;350;162;60;190;350;122;50;160;350;850;50;0;0;1150;130;0;R;40;2244;TRUE
19:56:22.372;13;8540;360;140;0;50;280;99;0;60;270;109;0;50;260;119;30;120;280;200;50;170;360;154;60;200;360;118;60;160;360;770;50;0;0;1175;140;0;R;40;2244;TRUE
19:56:23.094;14;9260;360;127;0;50;270;90;0;50;270;101;0;50;260;118;0;110;280;204;50;170;360;168;60;200;360;118;60;160;360;685;50;0;0;1175;140;0;R;40;2244;TRUE
19:56:24.040;15;9980;380;156;0;50;300;108;0;50;290;118;0;50;280;106;30;120;280;190;50;180;380;154;60;220;380;124;60;180;380;790;50;0;0;1090;150;0;R;40;2244;TRUE
19:56:24.562;16;10720;370;127;0;50;280;91;0;60;280;100;0;60;260;109;30;120;300;196;50;180;370;160;70;210;370;123;60;170;360;670;60;0;0;1140;150;0;R;40;2244;TRUE
19:56:25.279;17;11440;360;132;0;50;280;91;0;60;280;100;0;60;270;104;30;120;320;186;60;180;360;170;70;210;360;116;70;170;360;660;50;0;0;1080;140;0;R;40;2244;TRUE
19:56:25.991;18;12140;370;136;0;50;300;94;0;50;290;103;0;50;280;95;30;120;260;184;50;180;370;174;60;210;370;123;60;170;350;660;50;0;0;1065;150;0;R;40;2244;TRUE
19:56:26.700;19;12870;350;146;0;40;320;104;0;50;310;116;0;50;310;101;20;110;330;128;40;170;350;158;50;210;350;90;50;170;320;880;50;0;0;1025;120;0;R;40;2244;TRUE
19:56:27.479;20;13490;400;96;0;70;400;76;10;80;400;82;10;80;400;66;30;120;400;115;70;200;400;188;80;250;400;80;90;200;380;472;80;0;0;800;180;0;R;40;2244;TRUE
19:56:28.212;21;14020;700;18;110;140;680;21;100;140;680;16;110;140;530;67;40;160;590;128;0;450;700;246;10;540;700;152;10;520;700;589;150;427;320;925;500;0;R;40;2244;TRUE
19:56:28.898;22;15000;400;69;0;40;300;55;0;50;250;56;0;50;260;94;20;140;310;206;50;190;400;176;60;240;400;130;60;190;400;355;50;0;0;1125;170;0;R;40;2244;TRUE
19:56:29.617;23;15740;380;104;0;50;360;76;0;60;300;81;0;50;290;96;20;130;300;180;50;190;380;170;60;240;380;123;60;190;380;514;50;0;0;1040;160;0;R;40;2244;TRUE
19:56:30.330;24;16460;370;111;0;50;280;80;0;60;280;88;0;60;270;118;30;130;360;192;50;180;370;162;70;220;370;108;70;170;370;604;50;0;0;1130;150;0;R;40;2244;TRUE
19:56:31.089;25;17200;380;144;0;60;290;102;10;60;280;112;10;60;270;111;30;130;310;182;60;190;380;158;60;220;380;101;70;180;380;785;60;0;0;1100;140;0;R;40;2244;TRUE
19:56:31.802;26;17920;380;132;0;50;290;94;0;60;280;101;0;60;270;112;30;130;310;190;50;190;380;150;60;220;380;118;60;180;380;700;50;0;0;1115;150;0;R;40;2244;TRUE
19:56:32.538;27;18660;370;144;0;50;350;107;0;50;270;114;0;50;260;105;30;120;280;166;50;180;370;140;60;210;370;115;60;170;370;810;50;0;0;1050;130;0;R;40;2244;TRUE
19:56:33.255;28;19370;380;121;0;60;280;88;0;70;280;92;0;70;270;112;40;130;310;202;60;190;380;136;70;220;380;110;70;180;380;665;60;0;0;1120;150;0;R;40;2244;TRUE
19:56:34.011;29;20120;390;144;0;50;290;102;0;60;280;111;0;60;270;108;30;130;310;192;50;190;390;146;60;220;380;120;60;170;350;765;50;0;0;1115;150;0;R;40;2244;TRUE
19:56:34.862;30;20870;380;121;0;50;290;88;0;60;280;96;0;60;280;107;30;130;310;188;50;190;380;152;70;220;380;114;60;170;380;645;50;0;0;1080;150;0;R;40;2244;TRUE
19:56:35.507;31;21610;380;134;0;50;300;95;0;60;280;106;0;50;270;107;20;120;370;184;50;190;380;148;60;220;380;113;60;170;380;720;50;0;0;1065;150;0;R;40;2244;TRUE
19:56:36.225;32;22330;380;117;0;60;290;83;10;70;280;91;10;70;270;111;40;130;300;188;60;190;380;154;70;220;380;120;70;180;380;619;60;0;0;1110;150;0;R;40;2244;TRUE
19:56:36.960;33;23060;390;121;0;50;300;85;0;60;290;92;0;60;280;109;30;130;310;206;60;190;390;160;70;220;390;123;70;170;390;616;50;0;0;1140;160;0;R;40;2244;TRUE
19:56:37.695;34;23810;370;130;0;50;280;92;0;60;280;104;0;60;270;119;30;120;370;202;50;180;370;146;70;210;370;103;70;160;360;750;60;0;0;1160;140;0;R;40;2244;TRUE
19:56:38.421;35;24540;370;120;0;50;290;85;0;60;280;93;0;60;270;109;30;120;290;198;50;180;370;162;70;210;370;123;60;170;370;619;50;0;0;1125;150;0;R;40;2244;TRUE
19:56:39.166;36;25270;380;126;0;40;300;89;0;50;290;95;0;50;280;106;30;130;290;196;50;180;380;166;60;220;380;126;60;180;380;631;50;0;0;1110;150;0;R;40;2244;TRUE
19:56:39.878;37;26000;370;130;0;50;280;93;0;60;280;103;0;60;270;109;30;120;290;188;50;180;370;162;60;210;370;112;60;170;370;695;50;0;0;1105;150;0;R;40;2244;TRUE
19:56:40.671;38;26750;390;138;0;50;300;99;0;60;280;110;0;60;240;111;30;130;310;186;50;190;390;138;70;220;390;113;70;170;390;765;60;0;0;1070;140;0;R;40;2244;TRUE
19:56:41.391;39;27490;390;138;0;60;300;98;0;60;290;108;0;60;280;108;30;130;290;174;60;190;390;140;70;220;390;114;70;180;390;750;60;0;0;1050;150;0;R;40;2244;TRUE
19:56:42.256;40;28230;410;146;0;50;320;100;0;60;310;110;0;60;300;109;30;140;310;182;60;200;410;136;80;240;410;108;70;190;410;795;60;0;0;1045;160;0;R;40;2244;TRUE
19:56:42.911;41;29000;380;138;0;50;300;96;0;60;290;106;0;60;240;107;30;140;380;166;60;200;380;162;70;230;380;101;70;180;350;755;60;0;0;1060;150;0;R;40;2244;TRUE
19:52:24.205;1;0;980;64;10;90;860;53;0;690;830;57;0;90;910;51;30;200;940;68;100;520;980;84;120;370;980;70;120;860;980;385;90;0;0;574;370;0;L;40;5258;TRUE
19:52:25.399;2;1390;790;91;0;130;350;62;0;140;340;75;0;140;380;53;70;260;720;142;170;560;780;224;230;660;790;136;210;600;770;478;180;430;280;970;620;0;L;40;5258;TRUE
19:52:26.410;3;2520;670;108;0;110;300;72;0;120;290;81;0;110;330;48;60;180;610;154;100;480;670;212;200;560;670;144;160;500;660;556;150;367;290;960;510;0;L;40;5258;TRUE
19:52:27.429;4;3530;670;122;0;110;300;80;0;120;290;92;0;120;330;55;60;190;610;166;110;480;670;202;220;550;670;111;180;490;650;613;150;367;290;930;510;0;L;40;5258;TRUE
19:52:28.432;5;4540;670;122;0;100;290;77;0;110;280;90;0;100;300;61;60;180;600;164;100;470;670;212;130;550;670;121;110;480;640;622;140;415;290;955;510;0;L;40;5258;TRUE
19:52:29.433;6;5550;660;125;0;100;290;83;0;110;290;93;0;110;310;57;60;180;590;128;110;460;650;212;180;540;660;144;150;480;640;622;140;376;290;945;500;0;L;40;5258;TRUE
19:52:30.537;7;6540;660;120;0;110;300;80;0;120;290;92;0;110;320;55;60;180;590;146;110;470;660;202;200;540;660;150;130;490;640;619;150;373;300;960;500;0;L;40;5258;TRUE
19:52:31.405;8;7520;650;109;0;110;290;72;0;110;290;82;0;110;310;57;60;180;590;164;110;470;650;160;290;530;650;130;110;480;630;586;150;355;290;915;490;0;L;40;5258;TRUE
19:52:32.417;9;8510;670;127;0;120;300;84;0;130;300;94;0;120;620;51;60;180;610;166;120;480;670;198;280;550;670;110;220;480;650;637;150;331;290;960;510;0;L;40;5258;TRUE
19:52:33.423;10;9530;660;126;0;110;360;85;0;130;320;96;0;120;620;57;50;370;610;186;130;480;660;198;290;540;660;94;270;470;640;650;150;325;280;1065;500;0;L;40;5258;TRUE
19:52:34.435;11;10520;670;127;0;120;310;82;0;120;300;92;0;120;590;58;10;180;610;130;150;480;660;250;100;550;670;109;200;480;650;665;150;376;290;975;510;0;L;40;5258;TRUE
19:52:35.449;12;11530;680;112;0;120;310;78;0;130;300;84;0;120;640;54;50;200;630;180;110;500;680;174;290;560;680;97;190;500;670;598;150;364;300;925;520;0;L;40;5258;TRUE
19:52:36.874;13;12550;670;116;0;120;300;78;0;120;300;86;0;120;620;56;60;190;610;162;110;480;670;184;260;550;670;132;170;500;650;610;150;343;290;935;510;0;L;40;5258;TRUE
19:52:37.713;14;13570;690;108;0;100;310;74;0;120;310;79;0;110;640;55;60;190;640;154;110;500;690;154;310;570;690;123;170;520;670;565;150;370;300;890;530;0;L;40;5258;TRUE
19:52:38.771;15;14610;700;113;0;110;330;75;0;120;300;82;0;110;660;60;50;200;660;164;110;510;700;160;280;580;700;101;180;510;680;592;150;403;300;925;530;0;L;40;5258;TRUE
19:52:39.618;16;15660;710;111;0;140;360;79;0;150;350;85;0;140;670;48;70;210;660;152;120;520;710;172;320;590;710;114;250;540;700;598;170;373;310;910;540;0;L;40;5258;TRUE
19:52:40.769;17;16730;690;111;0;130;330;78;0;140;320;83;0;130;650;51;70;210;640;134;130;490;680;198;240;570;690;132;190;510;670;580;170;370;310;930;520;0;L;40;5258;TRUE
19:52:41.939;18;17770;700;106;0;110;310;73;0;120;310;78;0;110;670;56;60;200;660;166;110;520;700;154;280;580;700;109;170;520;690;562;160;376;300;890;540;0;L;40;5258;TRUE
19:52:42.799;19;18840;700;112;0;110;320;78;0;120;310;85;0;120;660;50;60;200;650;148;110;500;700;172;210;580;700;130;150;520;680;583;160;412;300;910;530;0;L;40;5258;TRUE
19:52:43.835;20;19890;690;108;0;120;310;74;0;130;310;81;0;120;660;54;60;210;650;154;110;500;690;174;230;580;690;117;180;520;680;568;160;412;300;925;530;0;L;40;5258;TRUE
19:52:44.888;21;20940;690;121;0;120;340;82;0;130;330;90;0;120;660;56;60;390;650;146;130;510;690;162;310;580;690;102;280;520;680;607;160;364;300;890;530;0;L;40;5258;TRUE
19:52:45.943;22;22000;680;120;0;110;300;81;0;120;300;90;0;120;650;55;50;410;650;162;120;510;680;144;310;570;680;103;220;510;680;616;150;367;290;900;520;0;L;40;5258;TRUE
19:52:47.194;23;23030;690;108;0;110;310;74;0;120;310;78;0;120;650;54;60;190;640;166;110;500;690;174;210;570;690;114;160;500;680;568;160;382;300;895;520;0;L;40;5258;TRUE
19:52:48.019;24;24070;690;109;0;100;300;75;0;110;310;81;0;110;660;57;60;190;650;166;110;500;690;166;210;580;690;119;120;510;680;583;160;406;300;915;520;0;L;40;5258;TRUE
19:52:49.068;25;25120;690;115;0;110;310;80;0;120;310;85;0;120;660;54;60;200;650;164;120;510;690;164;260;570;690;114;180;520;680;589;150;379;300;920;530;0;L;40;5258;TRUE
19:52:50.116;26;26140;720;90;0;120;320;66;0;130;320;69;0;120;690;62;70;210;680;148;120;520;720;184;200;600;720;130;170;540;710;526;180;460;310;940;560;0;L;40;5258;TRUE
19:52:51.330;27;27230;740;104;0;120;320;73;0;130;330;78;0;120;700;56;60;220;700;154;120;530;740;162;260;610;740;97;180;540;720;559;170;427;310;880;560;0;L;40;5258;TRUE
19:52:52.279;28;28320;690;106;0;100;320;71;0;110;310;79;0;100;680;49;60;180;690;68;130;520;690;97;130;500;690;76;160;530;690;532;140;472;260;695;520;0;L;40;5258;TRUE
19:52:53.442;29;29380;790;84;0;160;380;61;10;160;370;62;10;150;760;64;30;280;750;144;180;570;790;206;280;660;790;102;240;590;770;490;200;430;310;915;620;0;L;40;5258;TRUE
19:52:54.502;30;30510;700;115;0;130;350;80;0;140;340;85;0;140;670;47;70;230;660;142;160;510;700;180;280;580;700;123;240;520;690;571;170;370;310;890;540;0;L;40;5258;TRUE
19:52:55.544;31;31570;690;118;0;110;300;81;0;120;300;88;0;120;660;64;60;200;640;174;120;500;690;188;220;570;690;116;130;500;670;628;160;424;300;985;530;0;L;40;5258;TRUE
19:52:56.550;32;32590;680;108;0;100;290;75;0;110;290;82;0;110;640;58;60;180;630;152;100;470;680;200;150;550;680;144;120;500;660;592;160;436;290;985;510;0;L;40;5258;TRUE
19:52:57.584;33;33610;690;112;0;90;290;76;0;100;290;83;0;100;650;65;50;190;640;170;100;490;690;192;180;560;690;119;110;500;670;595;150;466;290;980;520;0;L;40;5258;TRUE
19:52:58.644;34;34660;700;122;0;110;310;83;0;120;300;91;0;110;670;58;60;200;650;166;120;500;700;164;290;580;700;108;150;510;680;622;150;397;300;915;530;0;L;40;5258;TRUE
19:52:59.678;35;35710;690;112;0;110;310;77;0;120;310;84;0;120;660;58;60;210;650;166;110;500;690;174;270;570;690;106;160;510;680;589;160;409;300;930;530;0;L;40;5258;TRUE
19:53:00.733;36;36760;690;121;0;120;320;83;0;130;320;89;0;130;660;54;60;200;660;166;120;510;690;158;300;570;690;88;220;500;670;625;160;382;290;895;530;0;L;40;5258;TRUE
19:53:01.867;37;37800;680;118;0;110;310;81;0;120;310;89;0;110;650;56;60;200;630;152;120;490;680;186;210;560;680;142;130;510;670;613;160;436;300;985;520;0;L;40;5258;TRUE
19:53:02.793;38;38810;690;103;0;120;310;75;0;130;310;77;0;120;650;55;70;200;640;142;110;480;690;192;230;570;690;134;170;510;670;559;170;418;290;945;520;0;L;40;5258;TRUE
19:53:03.833;39;39850;690;116;0;110;310;81;0;130;310;87;0;120;670;56;60;210;660;166;120;510;690;158;300;580;690;110;170;520;680;598;160;397;300;915;530;0;L;40;5258;TRUE
19:53:04.896;40;40900;700;109;0;130;320;80;0;140;320;82;0;140;680;56;60;220;670;170;120;520;700;154;320;580;700;89;210;520;690;601;170;409;310;920;540;0;L;40;5258;TRUE
19:53:05.939;41;41960;680;116;0;110;310;81;0;120;310;87;0;120;650;54;50;190;640;166;110;500;680;158;290;570;680;108;180;500;670;616;150;388;290;925;520;0;L;40;5258;TRUE
19:53:06.971;42;42990;680;119;0;100;300;81;0;120;300;88;0;110;660;60;50;200;640;166;120;490;680;174;240;560;680;106;170;500;670;604;150;403;290;925;520;0;L;40;5258;TRUE
19:53:08.845;43;44020;690;111;0;110;310;77;0;120;310;82;0;120;670;57;60;200;660;166;110;500;690;174;220;580;690;116;160;520;680;583;160;415;300;935;530;0;L;40;5258;TRUE
19:53:09.081;44;45070;710;114;0;110;360;78;0;130;360;85;0;120;680;63;70;220;670;186;120;520;710;180;220;590;710;119;170;520;690;592;170;451;310;1120;540;0;L;40;5258;TRUE
19:53:10.116;45;46120;690;105;0;110;310;72;0;120;310;77;0;120;660;58;60;200;650;144;120;490;690;212;190;570;690;144;120;510;680;568;160;430;310;965;520;0;L;40;5258;TRUE
19:53:11.139;46;47160;680;109;0;110;350;75;0;130;340;81;0;120;650;57;60;200;640;162;120;480;680;208;170;560;680;152;120;500;670;595;170;439;300;1160;510;0;L;40;5258;TRUE
19:53:12.281;47;48190;690;111;0;110;340;78;0;120;310;84;0;120;660;61;60;200;650;178;110;500;690;156;310;570;690;98;150;500;680;598;160;352;310;880;520;0;L;40;5258;TRUE
19:53:13.255;48;49230;700;117;0;110;310;79;0;120;310;85;0;120;670;62;60;200;660;178;120;510;700;174;210;580;700;104;130;510;690;607;160;412;310;915;540;0;L;40;5258;TRUE
19:53:14.317;49;50280;720;115;0;120;360;78;0;130;360;87;0;130;690;62;70;220;680;180;130;520;720;178;230;590;720;104;170;520;700;598;170;421;320;990;550;0;L;40;5258;TRUE
19:53:15.602;50;51350;710;116;0;130;330;78;0;140;330;85;0;130;680;57;80;220;670;170;140;520;710;172;230;590;710;113;190;530;700;583;170;397;320;915;540;0;L;40;5258;TRUE
19:53:16.642;51;52420;690;120;0;110;310;80;0;120;310;87;0;120;660;62;60;210;650;154;120;500;690;174;220;570;690;138;130;510;680;610;160;421;310;940;520;0;L;40;5258;TRUE
19:53:17.470;52;53450;700;104;0;130;320;72;0;140;320;78;0;130;670;60;70;220;660;172;130;520;700;168;240;580;700;108;180;520;690;562;180;403;320;920;540;0;L;40;5258;TRUE
19:53:18.533;53;54500;700;113;0;120;320;81;0;140;320;85;0;130;670;58;70;210;660;166;120;510;700;170;250;580;700;116;180;520;690;604;160;409;310;940;540;0;L;40;5258;TRUE
19:53:19.600;54;55560;720;118;0;120;360;80;0;130;360;85;0;130;690;62;60;230;680;174;130;530;720;166;280;600;720;101;190;530;710;598;170;439;320;1000;550;0;L;40;5258;TRUE
19:53:20.684;55;56640;720;109;0;120;330;76;0;140;330;79;0;130;690;58;70;220;680;162;120;530;720;154;310;600;720;115;180;540;710;574;180;397;320;915;550;0;L;40;5258;TRUE
19:53:22.009;56;57720;750;114;0;130;340;80;0;140;340;85;0;140;720;56;70;230;710;166;140;560;750;144;340;630;750;98;210;560;740;595;170;403;330;880;580;0;L;40;5258;TRUE
19:53:23.073;57;58840;810;104;0;130;380;73;0;150;380;78;0;140;430;54;80;250;750;118;150;580;810;69;330;640;810;76;220;590;810;541;180;418;320;665;580;0;L;40;5258;TRUE
19:52:23.423;1;0;740;28;30;150;740;32;30;150;640;33;20;150;650;46;0;180;710;58;10;540;730;88;160;590;740;86;60;590;730;418;190;391;370;490;560;0;R;40;2244;TRUE
19:52:24.841;2;1190;960;102;0;300;880;83;0;300;920;93;0;300;880;47;110;590;880;99;430;730;960;170;540;820;960;104;500;750;960;496;320;445;530;715;760;0;R;40;2244;TRUE
19:52:26.141;3;2520;720;107;0;130;630;85;0;150;670;96;0;150;630;42;80;220;660;116;120;510;720;196;230;590;720;136;180;540;720;565;180;349;330;830;540;0;R;40;2244;TRUE
19:52:27.144;4;3560;690;123;0;90;580;93;0;110;640;105;0;110;630;53;60;180;630;134;100;470;690;210;160;550;690;130;130;500;690;628;150;325;320;870;510;0;R;40;2244;TRUE
19:52:27.939;5;4570;680;140;0;90;630;99;0;100;680;113;0;100;680;60;60;180;630;132;100;480;680;214;150;550;680;115;130;500;680;665;150;322;320;850;520;0;R;40;2244;TRUE
19:52:29.150;6;5580;680;130;10;80;620;96;0;100;630;109;0;100;580;62;20;170;630;148;50;480;680;178;310;550;680;109;110;500;670;695;140;298;320;835;510;0;R;40;2244;TRUE
19:52:30.265;7;6570;690;122;0;90;590;94;0;120;620;103;0;110;580;57;40;180;630;134;100;480;690;186;310;560;690;125;130;510;680;670;150;292;330;840;520;0;R;40;2244;TRUE
19:52:30.932;8;7560;680;122;0;90;560;94;0;120;680;103;0;110;560;56;40;180;620;140;90;470;680;186;300;540;680;122;130;490;670;670;150;289;320;840;500;0;R;40;2244;TRUE
19:52:32.135;9;8530;700;136;0;100;640;97;0;120;700;107;0;120;640;56;80;200;640;146;110;490;700;208;190;560;700;101;130;510;680;665;160;313;330;840;520;0;R;40;2244;TRUE
19:52:32.931;10;9550;690;134;0;90;630;99;0;110;690;107;0;110;560;58;60;190;640;140;110;490;690;224;120;560;690;99;140;500;680;670;160;334;330;865;520;0;R;40;2244;TRUE
19:52:33.935;11;10570;670;136;0;90;610;100;0;100;670;109;0;100;610;57;50;170;610;127;100;460;670;230;100;530;670;110;130;480;650;685;150;355;310;885;500;0;R;40;2244;TRUE
19:52:34.934;12;11550;690;124;0;90;640;92;0;110;640;99;0;110;640;54;60;190;650;140;100;500;690;158;340;570;690;128;130;520;690;645;160;307;340;815;530;0;R;40;2244;TRUE
19:52:35.972;13;12580;690;127;0;90;630;98;0;120;690;106;0;110;630;65;20;190;630;144;100;480;690;192;140;560;690;122;130;500;680;695;160;364;320;880;520;0;R;40;2244;TRUE
19:52:36.996;14;13580;710;117;0;90;650;91;0;120;650;97;0;110;580;62;60;190;660;144;100;500;710;190;120;570;710;92;140;510;690;660;160;376;340;815;530;0;R;40;2244;TRUE
19:52:38.032;15;14610;720;124;0;110;660;99;0;140;660;104;0;140;660;51;40;220;680;144;120;520;720;158;320;590;720;89;170;530;700;665;180;376;340;775;540;0;R;40;2244;TRUE
19:52:39.307;16;15660;730;130;0;110;680;99;0;130;670;106;0;130;680;48;60;210;690;138;120;540;730;172;210;610;730;104;170;540;720;640;160;376;330;805;560;0;R;40;2244;TRUE
19:52:40.274;17;16730;730;126;0;110;670;98;0;130;670;105;0;130;670;56;60;450;690;152;120;540;730;142;360;600;730;77;170;530;710;655;170;388;350;755;540;0;R;40;2244;TRUE
19:52:41.207;18;17770;720;125;0;110;670;101;0;130;670;107;0;130;670;49;60;210;670;140;120;520;720;166;300;590;720;107;160;530;710;655;160;346;320;800;540;0;R;40;2244;TRUE
19:52:42.271;19;18830;730;115;0;110;610;91;0;130;670;96;0;130;680;55;60;200;680;138;110;520;730;180;180;600;730;111;140;530;720;625;170;391;340;820;540;0;R;40;2244;TRUE
19:52:43.337;20;19890;730;115;0;120;680;93;0;130;670;97;0;130;680;55;70;210;680;148;110;520;730;174;260;590;730;92;160;530;710;631;170;367;330;800;540;0;R;40;2244;TRUE
19:52:44.392;21;20930;740;116;0;120;670;92;0;140;670;99;0;130;680;60;40;220;680;150;120;530;740;174;210;600;740;90;170;530;710;631;170;409;340;825;550;0;R;40;2244;TRUE
19:52:45.449;22;21990;730;126;0;110;670;100;0;130;670;105;0;130;670;59;70;440;680;152;100;530;730;156;360;600;730;88;150;530;710;660;170;364;330;790;540;0;R;40;2244;TRUE
19:52:46.478;23;23020;740;101;0;110;680;84;0;160;670;88;0;150;680;59;40;230;680;132;130;530;740;198;160;600;740;119;160;550;730;616;200;403;370;865;560;0;R;40;2244;TRUE
19:52:47.513;24;24080;710;119;0;100;590;92;0;120;650;98;0;120;590;56;30;190;660;136;110;500;710;188;140;580;710;125;140;520;700;640;160;361;330;850;520;0;R;40;2244;TRUE
19:52:48.560;25;25120;720;115;0;100;660;92;0;130;660;99;0;130;610;57;30;200;670;138;110;520;720;164;320;590;720;122;140;530;710;655;170;355;340;830;540;0;R;40;2244;TRUE
19:52:49.606;26;26160;730;109;0;120;670;90;0;140;660;95;0;140;670;51;80;210;670;136;120;520;730;176;140;590;730;115;150;530;720;619;180;394;340;830;540;0;R;40;2244;TRUE
19:52:50.786;27;27210;750;117;0;120;700;94;0;140;690;99;0;140;640;53;70;230;710;136;120;550;750;166;280;620;750;106;170;560;740;628;180;403;350;800;570;0;R;40;2244;TRUE
19:52:51.781;28;28300;750;113;0;110;680;90;0;130;670;95;0;130;660;52;70;230;710;128;130;560;750;140;130;610;750;68;170;550;720;607;190;427;330;720;560;0;R;40;2244;TRUE
19:52:52.861;29;29370;760;77;70;330;670;71;60;330;690;69;60;330;700;43;30;160;730;40;0;590;750;83;400;640;760;83;390;630;760;496;180;460;450;514;580;0;R;40;2244;TRUE
19:52:53.986;30;30520;730;116;0;130;660;96;0;150;660;99;0;140;650;44;70;220;680;125;110;530;730;156;350;600;730;117;180;540;730;616;180;364;340;770;550;0;R;40;2244;TRUE
19:52:55.025;31;31570;720;124;0;110;660;97;0;130;660;104;0;130;660;54;40;210;660;138;110;510;720;196;200;580;720;117;150;530;710;655;170;388;330;860;540;0;R;40;2244;TRUE
19:52:56.059;32;32620;690;121;0;110;630;98;0;130;690;104;0;130;570;51;60;190;640;138;110;490;690;180;290;560;690;108;140;490;670;660;160;346;320;820;510;0;R;40;2244;TRUE
19:52:57.069;33;33620;710;118;0;110;650;95;0;130;650;100;0;130;650;53;70;200;660;142;110;500;710;190;140;570;710;104;140;510;700;640;160;379;330;845;530;0;R;40;2244;TRUE
19:52:58.128;34;34660;730;121;0;90;670;92;0;110;670;99;0;110;670;62;30;200;680;156;100;510;730;184;150;580;730;90;130;520;710;655;170;394;330;840;540;0;R;40;2244;TRUE
19:52:59.187;35;35720;720;124;0;100;660;96;0;120;660;103;0;120;660;51;60;190;660;140;110;500;720;192;120;580;720;108;150;510;710;645;160;385;320;845;530;0;R;40;2244;TRUE
19:53:00.434;36;36760;720;117;0;120;660;95;0;140;660;100;0;130;670;54;70;200;670;144;110;520;720;184;140;590;720;104;150;520;710;660;170;373;340;830;540;0;R;40;2244;TRUE
19:53:01.381;37;37810;720;123;0;100;650;93;0;120;660;101;0;120;660;59;60;210;660;148;110;510;720;182;150;580;720;92;150;520;700;640;170;400;340;825;530;0;R;40;2244;TRUE
19:53:02.519;38;38830;710;125;0;120;660;100;0;130;660;109;0;130;660;50;60;190;660;140;100;500;710;190;130;570;710;103;140;510;700;690;160;388;320;850;530;0;R;40;2244;TRUE
19:53:03.341;39;39860;720;126;0;100;660;97;0;120;660;103;0;120;660;53;50;190;660;146;100;510;720;180;180;580;720;101;140;520;700;650;160;361;320;825;530;0;R;40;2244;TRUE
19:53:04.385;40;40900;730;125;0;100;670;99;0;130;670;106;0;130;670;52;60;210;680;140;130;520;730;164;320;600;730;111;160;530;720;655;170;376;320;800;540;0;R;40;2244;TRUE
19:53:05.649;41;41950;730;117;0;120;670;93;0;140;670;99;0;140;670;51;40;210;670;138;120;520;730;162;320;590;730;108;160;530;720;640;180;370;330;805;540;0;R;40;2244;TRUE
19:53:06.686;42;42990;720;112;0;120;660;89;0;140;660;95;0;130;660;55;80;210;660;142;110;510;720;184;150;580;720;107;140;520;710;637;180;370;340;835;530;0;R;40;2244;TRUE
19:53:07.715;43;44020;720;118;0;110;670;93;0;140;670;99;0;130;670;56;40;210;670;136;120;520;720;192;160;590;720;120;160;530;720;645;180;400;340;860;540;0;R;40;2244;TRUE
19:53:08.568;44;45070;730;125;0;110;670;96;0;130;670;103;0;130;670;56;60;210;680;152;110;520;730;164;310;590;730;91;150;530;710;660;170;385;330;805;540;0;R;40;2244;TRUE
19:53:09.615;45;46120;730;116;0;120;670;94;0;140;670;100;0;140;670;60;30;210;680;146;120;520;730;182;140;590;730;96;160;530;710;675;180;397;350;845;540;0;R;40;2244;TRUE
19:53:10.652;46;47170;720;122;0;100;660;93;0;110;660;99;0;110;660;58;60;200;670;164;90;510;720;176;170;580;720;84;130;510;690;634;160;379;330;820;530;0;R;40;2244;TRUE
19:53:11.790;47;48190;720;116;0;100;660;89;0;120;720;96;0;120;660;61;30;200;660;146;100;510;720;192;150;580;720;111;130;520;710;650;170;400;340;865;540;0;R;40;2244;TRUE
19:53:12.730;48;49220;730;120;0;120;680;95;0;140;680;102;0;140;680;56;80;210;680;148;130;520;730;162;310;600;730;103;170;530;720;640;180;376;340;815;540;0;R;40;2244;TRUE
19:53:13.807;49;50290;730;124;0;100;660;95;0;120;660;103;0;120;660;62;20;200;670;152;110;520;730;168;190;590;730;111;140;530;710;675;170;391;340;855;540;0;R;40;2244;TRUE
19:53:14.870;50;51360;730;123;0;90;670;93;0;110;670;102;0;110;670;63;20;200;680;154;100;520;730;166;300;590;730;96;130;520;710;660;170;388;340;830;540;0;R;40;2244;TRUE
19:53:15.935;51;52410;740;122;0;110;680;93;0;140;680;102;0;130;680;63;20;230;690;164;120;540;740;148;320;590;740;70;160;520;710;665;180;409;350;805;550;0;R;40;2244;TRUE
19:53:16.970;52;53460;730;116;0;110;670;93;0;130;670;99;0;130;670;53;70;210;680;152;120;520;730;172;180;590;730;98;150;530;710;625;170;400;330;845;540;0;R;40;2244;TRUE
19:53:18.017;53;54500;730;111;0;120;670;90;0;140;670;96;0;140;670;53;80;210;680;144;120;530;730;172;300;590;730;101;150;530;720;619;180;379;330;815;550;0;R;40;2244;TRUE
19:53:19.084;54;55560;740;120;0;110;680;96;0;130;680;103;0;130;680;55;60;200;690;148;120;530;740;158;320;590;740;85;160;530;720;655;170;385;310;770;540;0;R;40;2244;TRUE
19:53:20.166;55;56630;750;121;0;130;690;98;0;150;690;103;0;140;690;49;80;220;700;146;130;540;750;156;320;610;750;90;180;540;720;640;180;388;330;780;550;0;R;40;2244;TRUE
19:53:21.251;56;57710;760;122;0;120;690;95;0;140;690;103;0;130;690;56;70;220;710;154;130;550;760;154;200;610;760;82;170;540;730;640;180;421;320;795;560;0;R;40;2244;TRUE
19:53:22.594;57;58810;790;113;0;130;720;89;0;150;720;97;0;150;690;55;90;240;750;138;140;590;790;115;330;650;790;77;180;590;770;607;190;415;340;710;590;0;R;40;2244;TRUE
19:54:32.883;1;0;620;120;0;100;270;82;0;110;280;89;0;110;590;61;70;170;580;172;90;440;620;234;160;500;620;156;130;450;610;631;140;358;280;1085;470;0;L;40;5258;TRUE
19:54:33.819;2;930;620;130;0;100;270;87;0;110;270;98;0;110;590;65;60;160;570;168;90;440;620;224;190;500;620;140;100;450;600;685;130;367;280;1045;470;0;L;40;5258;TRUE
19:54:34.742;3;1870;610;138;0;110;300;93;0;120;300;103;0;110;570;61;60;170;560;192;100;440;610;222;270;490;610;132;180;430;600;705;140;319;260;1145;460;0;L;40;5258;TRUE
19:54:35.656;4;2790;610;140;0;90;270;94;0;110;270;101;0;100;570;63;60;160;560;166;90;430;610;230;270;490;610;115;280;440;600;700;130;259;270;980;460;0;L;40;5258;TRUE
19:54:36.583;5;3710;610;132;0;110;290;90;0;120;290;99;0;120;570;58;70;170;550;172;100;430;610;222;270;490;610;120;180;440;590;680;140;304;280;1010;460;0;L;40;5258;TRUE
19:54:37.526;6;4610;610;140;0;90;280;93;0;110;280;105;0;100;560;60;60;160;550;180;90;430;610;222;240;490;610;103;280;430;590;710;130;250;270;980;450;0;L;40;5258;TRUE
19:54:38.814;7;5510;610;127;0;100;280;86;0;120;280;97;0;110;580;68;0;170;570;172;100;430;610;228;180;490;610;132;100;440;600;715;140;349;280;1060;460;0;L;40;5258;TRUE
19:54:39.329;8;6440;610;136;0;100;280;93;0;110;280;104;0;110;580;62;50;160;570;176;90;440;610;200;270;500;610;125;170;440;600;710;130;286;270;990;460;0;L;40;5258;TRUE
19:54:40.253;9;7360;620;134;0;100;280;92;0;110;280;101;0;110;580;62;60;170;570;166;90;440;620;216;210;500;620;150;100;450;600;705;140;340;280;1050;460;0;L;40;5258;TRUE
19:54:41.168;10;8280;610;126;0;100;340;85;0;110;280;94;0;110;570;66;60;160;550;160;90;430;610;226;190;490;610;156;90;440;590;700;140;325;280;1055;450;0;L;40;5258;TRUE
19:54:42.085;11;9200;610;144;0;90;280;96;0;100;280;105;0;100;580;64;60;170;570;178;90;440;610;206;200;500;610;134;100;440;600;725;130;358;280;1030;460;0;L;40;5258;TRUE
19:54:43.022;12;10130;620;136;0;100;270;93;0;110;280;104;0;100;580;62;60;160;570;184;90;440;620;196;270;500;620;116;160;440;600;705;130;307;270;995;460;0;L;40;5258;TRUE
19:54:44.159;13;11060;600;148;0;120;290;102;0;120;290;110;0;120;570;54;60;160;560;172;110;430;600;214;270;490;600;144;220;440;590;740;140;277;270;1045;450;0;L;40;5258;TRUE
19:54:44.841;14;11960;600;144;0;90;270;97;0;100;270;108;0;90;560;65;50;150;550;160;90;420;600;214;270;480;600;156;90;420;580;740;120;310;270;1035;440;0;L;40;5258;TRUE
19:54:45.881;15;12870;620;132;0;100;290;93;0;120;290;100;0;120;590;58;60;180;570;164;100;440;620;206;280;500;620;146;180;450;610;685;140;331;280;1035;470;0;L;40;5258;TRUE
19:54:46.915;16;13790;620;138;0;100;280;93;0;120;290;102;0;110;590;63;60;170;570;166;90;440;620;210;270;500;620;127;190;450;600;705;140;328;280;1015;470;0;L;40;5258;TRUE
19:54:47.649;17;14720;630;136;0;100;300;91;0;120;300;101;0;110;600;64;60;180;590;164;110;450;630;206;280;520;630;134;200;470;620;685;150;316;290;1000;480;0;L;40;5258;TRUE
19:54:48.580;18;15670;610;150;0;100;280;100;0;110;280;109;0;110;570;54;60;160;560;156;110;430;600;212;260;490;610;150;180;430;600;725;130;298;270;1035;450;0;L;40;5258;TRUE
19:54:49.498;19;16570;620;136;0;100;280;93;0;110;280;102;0;110;600;64;60;170;600;194;90;450;620;186;280;510;620;118;150;450;610;700;140;313;280;1025;470;0;L;40;5258;TRUE
19:54:50.443;20;17510;630;130;0;100;350;87;0;110;280;94;0;110;590;66;60;170;580;166;100;440;630;220;170;510;630;160;100;460;610;690;140;358;290;1070;470;0;L;40;5258;TRUE
19:54:51.382;21;18450;630;132;0;100;280;90;0;110;590;98;0;110;600;66;60;170;580;162;100;440;630;218;190;510;630;158;100;460;610;700;140;364;280;1050;470;0;L;40;5258;TRUE
19:54:52.339;22;19390;640;130;0;110;280;89;0;120;290;99;0;120;610;66;70;180;590;182;100;460;640;206;210;520;640;142;100;470;620;705;150;370;290;1045;480;0;L;40;5258;TRUE
19:54:53.296;23;20350;640;130;0;110;290;90;0;120;290;97;0;110;610;62;60;180;590;170;100;450;640;200;220;520;640;146;170;460;620;675;140;361;280;1035;480;0;L;40;5258;TRUE
19:54:54.447;24;21300;630;124;0;110;300;89;0;120;300;95;0;120;600;58;70;180;590;178;100;460;630;178;280;520;630;116;190;460;620;670;150;349;280;990;480;0;L;40;5258;TRUE
19:54:55.221;25;22240;570;138;0;70;480;82;10;80;540;93;10;80;570;52;70;140;570;76;90;390;570;121;90;390;570;85;100;390;570;616;120;544;280;675;420;0;L;40;5258;TRUE
19:54:56.125;26;23170;640;78;0;140;370;58;0;140;350;58;20;140;600;54;40;260;590;136;140;440;620;240;270;510;640;142;250;450;620;460;180;364;280;960;470;0;L;40;5258;TRUE
19:54:57.036;27;24110;610;134;0;100;270;91;0;110;280;101;0;110;580;66;60;170;560;162;90;430;610;216;190;490;610;162;100;440;600;725;140;376;270;1080;450;0;L;40;5258;TRUE
19:54:57.952;28;25020;610;128;0;100;370;89;0;110;580;97;0;110;580;66;60;170;570;176;90;440;610;194;280;500;610;150;100;450;600;705;140;325;280;1055;460;0;L;40;5258;TRUE
19:54:58.869;29;25940;610;136;0;100;290;94;0;110;290;102;0;110;580;60;60;160;570;168;100;440;610;200;270;500;610;152;100;440;600;720;140;322;280;1035;460;0;L;40;5258;TRUE
19:54:59.794;30;26870;610;146;0;100;280;99;0;110;290;108;0;110;580;64;50;160;570;178;100;440;610;194;260;490;610;119;210;440;590;740;130;316;270;1005;460;0;L;40;5258;TRUE
19:55:00.710;31;27780;610;138;0;100;280;94;0;110;570;102;0;110;570;64;60;170;560;166;100;430;610;218;200;490;610;138;100;430;590;720;140;361;280;1030;460;0;L;40;5258;TRUE
19:55:01.612;32;28690;600;146;0;90;270;101;0;100;270;109;0;100;560;63;50;150;540;186;90;420;600;224;250;480;600;132;160;430;580;750;120;295;260;1060;450;0;L;40;5258;TRUE
19:55:02.457;33;29580;560;162;0;90;260;109;0;100;270;121;0;100;520;59;60;150;500;125;90;380;560;262;200;440;560;162;90;390;540;795;120;319;250;1055;410;0;L;40;5258;TRUE
19:55:03.551;34;30430;590;162;0;90;270;109;0;100;270;118;0;100;550;56;60;150;530;152;90;400;590;242;250;460;590;150;190;410;570;775;120;262;260;1045;430;0;L;40;5258;TRUE
19:55:04.511;35;31310;570;158;0;90;250;105;0;100;260;115;0;100;530;63;60;150;510;150;90;390;570;248;200;450;570;136;160;400;550;750;120;319;250;1050;420;0;L;40;5258;TRUE
19:55:05.066;36;32150;570;148;0;80;310;100;0;90;260;111;0;90;530;67;50;150;510;168;80;400;570;224;240;450;570;101;260;400;550;750;110;234;250;955;420;0;L;40;5258;TRUE
19:55:06.120;37;33000;570;156;0;90;270;105;0;100;530;115;0;100;530;62;60;150;520;136;90;390;570;244;190;450;570;162;90;400;550;770;120;328;260;1025;430;0;L;40;5258;TRUE
19:55:06.755;38;33850;570;136;0;90;260;93;0;100;260;101;0;100;530;65;60;160;510;130;90;390;570;258;190;440;570;126;170;400;550;700;130;316;250;1005;420;0;L;40;5258;TRUE
19:55:07.615;39;34710;570;158;0;90;370;106;0;100;370;117;0;100;540;65;60;150;530;162;90;400;570;230;250;450;570;125;180;400;560;770;120;265;260;1020;430;0;L;40;5258;TRUE
19:55:08.496;40;35570;580;152;0;90;380;104;0;100;540;114;0;100;550;68;60;160;540;170;90;410;580;222;260;460;580;142;170;410;560;765;130;274;270;1065;430;0;L;40;5258;TRUE
19:55:09.371;41;36440;590;154;0;100;270;104;0;110;270;113;0;100;550;66;60;160;540;174;90;410;590;222;250;470;590;130;170;420;570;760;130;292;270;1035;440;0;L;40;5258;TRUE
19:55:10.243;42;37320;590;142;0;90;370;96;0;100;370;104;0;100;560;66;50;150;540;164;80;410;590;234;200;470;590;156;80;420;580;750;120;337;270;1070;440;0;L;40;5258;TRUE
19:55:11.138;43;38220;580;146;0;100;360;102;0;110;540;109;0;110;550;62;60;150;530;160;80;410;580;228;250;470;580;150;190;420;570;755;130;277;260;1045;440;0;L;40;5258;TRUE
19:55:12.008;44;39090;580;152;0;90;350;104;0;100;280;112;0;100;550;67;60;150;530;162;90;410;580;216;260;470;580;134;200;420;570;765;120;286;260;1015;430;0;L;40;5258;TRUE
19:55:12.906;45;39970;590;154;0;80;350;102;0;90;380;113;0;90;560;68;50;150;540;158;80;410;590;236;180;470;590;142;90;410;580;765;120;334;270;1050;440;0;L;40;5258;TRUE
19:55:13.804;46;40850;600;138;0;90;560;92;0;100;560;102;0;100;560;69;60;160;550;148;90;420;600;236;180;480;600;160;90;430;590;735;130;340;280;1055;450;0;L;40;5258;TRUE
19:55:14.689;47;41740;600;146;0;90;370;100;0;110;560;109;0;100;570;67;60;160;550;168;90;420;600;214;260;480;600;150;100;430;580;760;130;328;270;1060;450;0;L;40;5258;TRUE
19:55:15.597;48;42640;600;152;0;90;370;104;0;100;560;112;0;100;570;62;50;150;570;186;90;430;600;196;260;480;600;120;180;430;580;760;120;295;260;1035;450;0;L;40;5258;TRUE
19:55:16.710;49;43540;600;148;0;100;280;101;0;110;290;110;0;110;580;62;60;170;560;176;100;430;600;178;270;490;600;112;180;430;590;745;140;331;270;985;450;0;L;40;5258;TRUE
19:55:17.377;50;44430;590;121;0;100;380;85;0;110;290;93;0;110;310;62;60;170;550;134;100;430;590;154;180;480;590;106;150;430;570;655;140;388;280;825;450;0;L;40;5258;TRUE
19:54:32.441;1;0;690;134;0;150;620;105;0;170;690;109;10;160;620;43;100;400;630;134;210;490;690;204;350;550;690;103;300;510;680;645;190;328;340;835;520;0;R;40;2244;TRUE
19:54:33.363;2;970;640;142;0;100;580;110;0;110;640;115;0;110;580;60;50;170;580;142;70;440;640;214;220;500;640;119;140;460;640;730;140;277;300;890;470;0;R;40;2244;TRUE
19:54:34.306;3;1900;650;144;0;90;310;111;0;110;650;119;0;110;590;63;40;170;590;164;50;440;650;202;280;510;650;113;120;460;640;780;140;248;300;910;470;0;R;40;2244;TRUE
19:54:35.217;4;2840;620;150;0;90;570;112;0;110;620;122;0;110;570;58;40;170;570;140;90;420;620;222;200;490;620;116;140;440;610;750;130;256;290;910;460;0;R;40;2244;TRUE
19:54:36.257;5;3760;640;152;0;90;640;113;0;100;640;123;0;100;640;63;40;170;580;164;50;440;640;200;300;500;640;102;130;450;620;770;130;265;290;885;470;0;R;40;2244;TRUE
19:54:37.473;6;4670;610;144;0;80;610;108;0;100;610;116;0;100;610;58;30;150;550;138;90;410;610;240;90;470;610;113;120;430;610;755;130;271;280;925;450;0;R;40;2244;TRUE
19:54:37.966;7;5580;620;158;0;80;560;116;0;100;620;125;0;100;560;58;40;160;560;142;90;420;620;218;280;480;620;105;120;430;600;775;130;228;280;870;450;0;R;40;2244;TRUE
19:54:39.094;8;6480;630;152;0;90;630;115;0;110;630;123;0;110;630;66;30;160;580;140;90;430;630;232;200;490;630;106;120;450;610;790;140;256;300;905;470;0;R;40;2244;TRUE
19:54:39.798;9;7400;630;134;0;100;580;107;0;120;630;113;0;120;580;60;40;170;580;127;100;440;630;234;100;500;630;132;130;460;630;745;150;283;300;925;470;0;R;40;2244;TRUE
19:54:40.720;10;8330;630;144;0;90;570;110;0;110;630;117;0;110;580;60;30;160;590;164;90;440;630;194;270;490;630;97;130;450;610;755;140;250;290;875;460;0;R;40;2244;TRUE
19:54:41.632;11;9230;640;134;10;80;580;105;0;110;640;111;0;110;580;65;30;170;580;152;90;440;640;226;110;500;640;106;110;460;620;755;150;286;300;915;470;0;R;40;2244;TRUE
19:54:42.575;12;10170;630;150;0;80;570;110;0;100;630;119;0;100;630;65;10;170;580;150;100;440;630;202;290;500;630;107;120;450;620;760;130;274;290;880;470;0;R;40;2244;TRUE
19:54:43.515;13;11100;640;150;0;100;640;116;0;120;640;123;0;120;640;55;20;170;570;150;100;440;640;192;300;500;640;127;180;460;640;775;140;268;290;895;460;0;R;40;2244;TRUE
19:54:44.400;14;12010;620;136;0;110;550;107;0;120;620;112;0;120;560;60;10;180;550;144;100;420;620;216;270;480;620;114;140;440;610;735;150;274;290;915;450;0;R;40;2244;TRUE
19:54:45.437;15;12910;650;142;0;80;650;108;0;110;650;115;0;110;650;64;30;160;590;172;80;450;650;188;300;500;650;89;110;450;620;770;140;265;290;870;470;0;R;40;2244;TRUE
19:54:46.252;16;13830;640;148;0;100;640;113;0;120;640;121;0;120;640;62;10;170;590;162;100;450;640;196;280;510;640;100;150;460;620;775;140;289;300;895;470;0;R;40;2244;TRUE
19:54:47.189;17;14760;650;142;0;100;590;110;0;120;650;116;0;110;590;65;30;170;600;152;100;450;650;190;280;510;650;109;130;460;630;755;150;292;300;880;480;0;R;40;2244;TRUE
19:54:48.143;18;15700;660;146;0;110;590;114;0;120;660;122;0;120;590;57;40;180;590;166;100;460;660;192;280;520;660;115;150;470;640;765;150;274;300;910;480;0;R;40;2244;TRUE
19:54:49.042;19;16620;630;125;0;90;580;100;0;120;580;104;0;120;580;58;30;170;580;140;110;440;630;214;200;500;630;132;130;460;630;700;150;265;300;925;470;0;R;40;2244;TRUE
19:54:49.991;20;17560;640;146;0;80;640;111;0;110;640;119;0;110;590;63;10;160;590;158;90;440;640;188;290;500;640;108;110;450;620;780;140;274;300;875;470;0;R;40;2244;TRUE
19:54:50.926;21;18480;650;134;0;90;600;101;0;120;600;108;0;110;650;69;40;180;600;154;100;460;650;198;290;520;650;105;120;470;640;740;160;274;310;875;480;0;R;40;2244;TRUE
19:54:51.873;22;19430;650;134;0;90;590;103;0;110;650;109;0;110;650;65;30;170;600;158;90;460;650;188;280;520;650;108;120;460;640;735;150;271;310;860;480;0;R;40;2244;TRUE
19:54:52.832;23;20380;670;140;0;90;600;106;0;120;670;113;0;110;610;67;30;180;610;170;100;470;670;178;280;520;660;92;120;470;640;755;150;304;310;865;490;0;R;40;2244;TRUE
19:54:53.796;24;21330;670;134;0;100;600;103;0;120;610;109;0;120;610;63;30;190;610;168;100;470;670;182;290;530;670;96;130;470;650;725;160;316;310;875;490;0;R;40;2244;TRUE
19:54:54.822;25;22280;640;138;0;110;640;108;0;130;640;115;0;130;550;58;40;180;630;136;110;450;640;164;260;500;640;81;140;450;610;735;150;331;300;780;470;0;R;40;2244;TRUE
19:54:56.241;26;23170;1280;123;100;1280;1280;90;90;1280;1280;96;100;1280;1280;62;20;130;1280;110;0;490;1280;180;0;570;1280;113;0;550;1280;610;130;412;250;760;530;0;R;40;2244;TRUE
19:54:57.505;27;25070;640;144;0;100;580;113;0;120;640;119;0;120;580;57;30;170;580;168;90;450;640;184;300;510;640;110;120;460;620;765;140;268;300;890;470;0;R;40;2244;TRUE
19:54:58.437;28;25980;650;134;10;80;590;104;0;120;650;110;0;110;650;66;30;170;590;152;90;440;650;204;280;510;650;106;110;460;630;750;150;265;300;870;470;0;R;40;2244;TRUE
19:54:59.572;29;26910;640;142;0;100;580;110;0;110;640;116;0;110;590;61;30;170;580;154;100;440;640;194;280;510;640;120;120;450;620;750;140;259;290;895;470;0;R;40;2244;TRUE
19:55:00.280;30;27830;640;140;0;100;640;110;0;120;640;115;0;120;640;61;30;170;580;138;100;430;640;230;110;500;640;111;120;460;620;765;150;331;290;920;470;0;R;40;2244;TRUE
19:55:01.166;31;28740;620;138;0;90;620;104;0;110;620;110;0;110;620;66;30;170;560;125;90;420;620;240;100;480;620;107;110;450;610;755;150;319;290;900;460;0;R;40;2244;TRUE
19:55:02.505;32;29660;590;166;0;100;590;124;0;120;590;132;0;110;590;45;60;160;530;146;100;400;590;222;260;450;590;111;160;410;570;780;130;250;270;900;420;0;R;40;2244;TRUE
19:55:02.924;33;30520;600;162;0;80;530;123;0;100;590;130;0;100;590;68;30;150;530;124;80;390;600;242;220;450;600;93;100;420;570;830;120;254;270;880;430;0;R;40;2244;TRUE
19:55:03.799;34;31390;600;172;0;90;540;130;0;110;600;138;0;110;590;59;10;160;540;156;100;400;600;216;270;450;600;79;270;420;570;840;120;244;270;870;430;0;R;40;2244;TRUE
19:55:04.738;35;32250;580;162;0;80;530;123;0;100;580;130;0;100;580;63;10;150;520;121;90;390;580;236;240;440;580;114;120;410;570;820;120;248;270;890;420;0;R;40;2244;TRUE
19:55:05.490;36;33100;580;168;0;80;580;125;0;100;580;134;0;100;580;58;10;150;520;124;90;390;580;218;260;450;580;119;120;410;580;835;120;230;260;865;420;0;R;40;2244;TRUE
19:55:06.360;37;33940;610;166;0;100;600;126;0;110;610;136;0;110;600;60;40;160;530;136;90;400;610;236;260;460;610;110;140;420;590;845;130;252;280;920;430;0;R;40;2244;TRUE
19:55:07.421;38;34800;600;170;0;80;590;127;0;90;600;138;0;90;590;64;30;150;530;138;80;390;600;230;250;450;600;98;100;410;560;850;120;232;270;885;430;0;R;40;2244;TRUE
19:55:08.069;39;35660;590;164;0;90;590;126;0;110;590;134;0;100;590;60;30;150;530;134;100;400;590;224;270;450;590;126;120;410;580;835;130;204;270;910;420;0;R;40;2244;TRUE
19:55:08.944;40;36530;600;166;0;90;600;126;0;110;600;134;0;100;600;61;30;150;540;140;90;400;600;230;90;460;600;102;120;410;570;860;130;265;270;915;430;0;R;40;2244;TRUE
19:55:09.812;41;37400;600;150;0;90;600;118;0;110;600;125;0;110;600;59;30;150;540;132;100;410;600;230;90;460;600;128;120;430;590;815;130;256;270;935;440;0;R;40;2244;TRUE
19:55:10.717;42;38290;610;160;0;90;550;122;0;100;610;130;0;100;550;63;40;160;550;148;90;420;610;208;280;470;610;116;110;430;590;825;130;236;280;905;440;0;R;40;2244;TRUE
19:55:11.586;43;39170;600;156;0;100;600;119;0;110;600;126;0;110;600;68;10;160;540;136;90;410;600;216;270;470;600;114;120;430;590;835;140;244;280;905;440;0;R;40;2244;TRUE
19:55:12.461;44;40040;610;150;0;90;610;114;0;110;610;121;0;110;610;70;20;160;550;140;90;410;610;202;280;470;610;100;120;430;590;805;140;250;290;865;440;0;R;40;2244;TRUE
19:55:13.478;45;40930;620;148;0;90;560;111;0;110;560;117;0;100;560;64;30;170;560;124;90;420;620;232;110;480;620;127;120;440;620;765;140;280;300;895;460;0;R;40;2244;TRUE
19:55:14.263;46;41810;620;121;10;80;620;96;0;110;620;102;0;110;620;65;20;160;550;136;90;420;620;236;100;480;620;115;100;440;600;725;140;262;290;880;450;0;R;40;2244;TRUE
19:55:15.156;47;42700;620;150;0;90;620;114;0;110;620;122;0;110;620;68;30;160;590;154;90;420;620;202;290;480;620;85;110;440;600;810;140;268;290;875;450;0;R;40;2244;TRUE
19:55:16.062;48;43600;630;146;0;100;630;113;0;120;630;120;0;120;630;60;30;170;570;152;100;440;630;190;280;490;630;113;140;440;610;770;150;277;290;875;460;0;R;40;2244;TRUE
19:55:16.974;49;44510;630;144;0;90;610;107;0;110;560;115;0;100;560;68;10;170;570;148;100;440;630;180;100;490;630;89;120;440;600;760;140;328;290;830;460;0;R;40;2244;TRUE
19:58:24.290;1;0;880;94;0;220;540;75;0;220;540;72;0;210;850;78;70;480;850;158;310;670;880;162;430;750;880;106;370;680;870;526;250;490;340;940;700;0;L;40;5258;FALSE
19:58:25.308;2;1220;680;108;0;120;320;81;0;130;320;85;0;130;660;59;70;200;640;140;120;490;680;168;250;560;680;156;160;520;670;604;170;400;310;930;520;0;L;40;5258;FALSE
19:58:26.309;3;2230;660;114;0;100;290;84;0;120;300;89;0;110;630;63;60;180;620;154;110;470;660;176;230;540;660;148;140;480;650;634;150;382;290;940;490;0;L;40;5258;FALSE
19:58:27.276;4;3210;650;110;0;110;290;79;0;120;300;85;0;120;610;63;70;190;600;148;110;450;650;198;190;530;650;127;150;470;640;613;160;397;290;935;490;0;L;40;5258;FALSE
19:58:28.364;5;4180;660;121;0;100;290;86;0;120;300;93;0;110;620;71;60;190;610;160;110;470;660;196;180;540;660;130;140;480;640;670;150;418;300;975;500;0;L;40;5258;FALSE
19:58:29.230;6;5150;650;120;0;110;300;89;0;130;310;95;0;120;620;68;60;190;600;142;120;460;650;180;230;540;650;164;140;490;650;680;160;385;310;955;490;0;L;40;5258;FALSE
19:58:30.206;7;6120;650;109;0;90;280;78;0;110;290;85;0;110;610;74;40;180;600;140;100;460;650;208;160;530;650;150;110;470;640;640;150;418;300;965;490;0;L;40;5258;FALSE
19:58:31.174;8;7090;650;117;0;100;290;85;0;120;300;93;0;120;610;70;60;180;600;162;100;470;650;176;250;530;650;142;110;480;640;685;160;388;290;980;490;0;L;40;5258;FALSE
19:58:32.127;9;8060;640;130;0;100;290;90;0;120;300;101;0;110;610;68;60;180;590;146;100;450;640;180;200;520;640;148;110;470;630;700;140;418;290;955;490;0;L;40;5258;FALSE
19:58:33.108;10;9030;640;127;0;100;280;89;0;110;290;99;0;100;620;73;60;180;610;166;100;460;640;172;210;530;640;128;120;470;640;690;150;409;290;950;490;0;L;40;5258;FALSE
19:58:34.274;11;9990;640;126;0;100;280;88;0;110;280;97;0;110;610;69;60;170;590;150;100;450;640;202;160;520;640;150;110;470;640;685;140;397;300;990;480;0;L;40;5258;FALSE
19:58:35.033;12;10960;640;144;0;90;270;99;0;100;280;107;0;100;610;72;60;160;590;158;100;450;640;194;150;520;640;148;110;460;630;730;140;355;290;975;480;0;L;40;5258;FALSE
19:58:36.008;13;11930;640;132;0;90;270;91;0;100;610;100;0;100;620;72;50;170;600;160;100;460;640;192;170;520;640;156;100;470;640;705;140;376;300;1005;480;0;L;40;5258;FALSE
19:58:36.996;14;12910;640;134;0;100;290;93;0;110;290;104;0;110;620;69;60;180;610;168;110;470;640;158;280;530;640;130;120;470;630;715;140;352;290;940;490;0;L;40;5258;FALSE
19:58:38.084;15;13890;650;130;0;90;290;93;0;110;290;99;0;100;630;71;50;180;620;170;100;470;650;172;190;530;650;115;120;470;640;700;140;400;290;955;490;0;L;40;5258;FALSE
19:58:39.209;16;14860;680;111;0;110;340;82;0;130;300;87;0;120;660;69;70;200;650;172;110;490;680;178;180;560;680;116;150;490;670;645;160;397;310;960;510;0;L;40;5258;FALSE
19:58:40.029;17;15890;680;122;0;110;310;88;0;130;320;92;0;120;660;66;60;200;650;162;120;500;680;142;320;570;680;125;140;510;680;675;170;388;310;925;520;0;L;40;5258;FALSE
19:58:41.239;18;16920;650;115;0;100;300;84;0;120;300;92;0;120;610;62;60;190;620;116;110;460;650;174;180;520;650;85;150;420;630;637;150;424;290;790;500;0;L;40;5258;FALSE
19:58:42.286;19;17870;740;47;110;340;710;45;110;340;710;29;130;340;720;74;20;170;720;94;0;560;740;138;10;620;740;125;0;600;740;228;340;0;0;750;590;0;L;40;5258;FALSE
19:58:43.126;20;19000;670;121;0;100;300;84;0;110;310;92;0;110;650;70;30;190;630;160;110;480;670;150;300;550;670;148;130;500;660;650;150;397;310;960;510;0;L;40;5258;FALSE
19:58:44.139;21;20010;670;134;0;110;350;95;0;140;340;102;0;130;650;59;60;410;640;168;130;500;670;148;320;560;670;90;300;490;660;695;160;343;310;895;510;0;L;40;5258;FALSE
19:58:45.135;22;21010;660;121;0;100;290;85;0;110;300;92;0;100;640;69;60;180;620;158;100;480;660;186;150;540;660;130;120;490;650;650;150;445;310;955;510;0;L;40;5258;FALSE
19:58:46.335;23;22010;650;116;0;90;280;83;0;100;290;88;0;90;630;70;50;170;610;152;90;470;650;188;140;530;650;140;110;480;640;645;150;451;310;945;500;0;L;40;5258;FALSE
19:58:47.121;24;23000;660;114;0;90;280;81;0;110;290;87;0;100;630;69;50;180;620;162;100;470;660;178;160;540;660;125;120;480;650;637;150;418;290;945;500;0;L;40;5258;FALSE
19:58:48.210;25;23990;650;119;0;100;290;86;0;110;290;93;0;110;620;69;60;180;610;158;100;470;650;178;160;530;650;134;120;480;640;660;150;436;300;950;490;0;L;40;5258;FALSE
19:58:49.072;26;24950;650;108;10;90;280;81;0;100;290;85;0;90;620;70;50;170;600;138;90;460;650;190;130;530;650;144;100;480;640;645;150;433;300;925;490;0;L;40;5258;FALSE
19:58:50.068;27;25940;650;126;0;90;280;92;0;110;290;97;0;100;630;70;60;180;620;170;100;470;650;168;150;540;650;118;120;480;650;695;150;418;290;945;500;0;L;40;5258;FALSE
19:58:51.047;28;26920;650;121;0;90;280;88;0;100;290;93;0;100;630;71;50;170;610;150;90;460;650;176;140;530;650;142;100;480;640;685;140;433;300;935;490;0;L;40;5258;FALSE
19:58:52.054;29;27920;660;121;0;100;280;87;0;110;290;93;0;110;630;70;50;190;620;168;110;470;660;170;180;540;660;120;130;480;650;660;150;427;290;955;500;0;L;40;5258;FALSE
19:58:53.042;30;28920;650;130;0;90;280;90;0;100;290;97;0;100;630;73;50;170;610;168;100;470;650;168;160;530;650;138;110;470;640;705;140;409;290;965;490;0;L;40;5258;FALSE
19:58:54.041;31;29900;670;113;0;100;290;81;0;110;300;87;0;110;640;74;60;190;630;172;100;480;670;178;160;550;670;128;120;490;660;670;160;433;310;975;510;0;L;40;5258;FALSE
19:58:55.048;32;30910;660;121;0;80;280;85;0;100;280;94;0;90;630;74;50;170;610;160;90;470;660;180;150;540;660;134;110;480;650;670;150;436;300;935;500;0;L;40;5258;FALSE
19:58:56.264;33;31910;650;106;0;90;270;78;0;100;280;83;0;100;630;72;50;170;600;146;100;450;650;192;130;520;650;162;110;470;650;640;150;460;300;990;480;0;L;40;5258;FALSE
19:58:57.035;34;32890;660;118;0;100;290;85;0;110;300;92;0;110;630;74;60;190;620;152;110;460;660;188;170;530;660;130;130;470;650;660;150;445;300;940;500;0;L;40;5258;FALSE
19:58:58.111;35;33880;650;119;0;90;280;85;0;100;280;91;0;100;620;72;50;170;610;150;100;460;650;190;140;520;650;120;110;470;640;665;150;454;300;920;490;0;L;40;5258;FALSE
19:58:59.203;36;34850;650;111;0;90;280;81;0;110;290;85;0;100;620;67;60;170;610;152;100;460;650;172;150;530;650;127;110;460;640;631;150;424;290;890;480;0;L;40;5258;FALSE
19:58:59.962;37;35830;630;115;0;90;280;84;0;100;290;89;0;100;600;67;50;180;590;148;90;440;630;152;160;520;630;100;110;450;620;640;140;472;290;830;480;0;L;40;5258;FALSE
19:59:00.982;38;36800;690;98;0;100;290;74;0;110;290;76;0;110;650;71;50;170;610;124;90;440;690;208;150;550;690;130;130;500;680;619;150;460;300;870;510;0;L;40;5258;FALSE
19:59:02.037;39;37870;670;130;0;100;300;92;0;110;310;98;0;110;650;68;50;200;640;158;120;480;670;162;200;550;670;104;140;480;660;665;150;442;300;895;510;0;L;40;5258;FALSE
19:59:03.034;40;38880;660;109;0;90;290;78;0;100;300;82;0;100;640;66;50;180;630;138;100;460;660;174;140;540;660;118;110;480;660;610;150;460;300;850;500;0;L;40;5258;FALSE
19:59:04.072;41;39890;680;111;0;100;390;79;0;120;650;86;0;110;650;69;60;200;640;134;110;470;680;186;180;550;680;109;160;450;660;604;160;457;320;915;510;0;L;40;5258;FALSE
19:59:04.828;42;40840;490;110;0;120;480;76;0;120;360;78;0;120;480;61;90;190;480;70;130;280;490;115;120;400;490;82;140;280;490;562;120;0;0;650;270;0;L;40;5258;FALSE
19:59:05.599;43;41530;20;10;0;20;20;12;0;20;20;0;0;0;0;0;0;0;0;0;0;0;0;0;0;0;0;0;0;0;0;36;20;0;0;0;0;4;L;40;5258;FALSE
19:58:24.825;1;0;730;112;0;120;730;89;0;140;730;92;0;140;670;51;80;240;680;150;110;530;730;166;310;600;730;92;180;540;710;574;190;436;330;840;550;0;R;40;2244;FALSE
19:58:25.821;2;1030;690;114;0;100;690;87;0;120;630;92;0;120;640;57;80;200;640;148;110;490;690;204;140;560;690;116;130;510;680;628;170;394;330;900;520;0;R;40;2244;FALSE
19:58:26.921;3;2030;690;128;0;110;690;100;0;130;690;106;0;130;690;53;80;190;640;154;120;480;690;188;210;550;690;116;140;490;670;660;160;343;310;895;510;0;R;40;2244;FALSE
19:58:27.772;4;2990;670;127;0;90;670;94;0;110;670;102;0;110;670;66;40;180;610;140;100;470;670;212;130;530;670;119;120;490;660;680;150;358;320;895;500;0;R;40;2244;FALSE
19:58:28.773;5;3970;680;127;0;100;680;97;0;120;680;104;0;120;680;63;30;190;620;152;110;470;680;202;140;540;680;112;130;490;670;700;160;391;320;925;510;0;R;40;2244;FALSE
19:58:29.732;6;4940;680;120;0;100;680;89;0;120;680;95;0;120;680;63;80;190;630;154;100;480;680;212;140;540;680;101;130;490;660;650;170;370;330;910;510;0;R;40;2244;FALSE
19:58:30.929;7;5920;680;134;0;90;680;98;0;110;680;106;0;110;680;64;60;180;620;170;90;470;680;202;140;530;670;96;120;480;650;700;150;358;320;915;500;0;R;40;2244;FALSE
19:58:31.876;8;6880;670;130;0;100;670;98;0;120;670;105;0;120;670;60;70;190;610;156;110;470;670;196;180;540;670;115;130;480;650;685;160;376;320;915;500;0;R;40;2244;FALSE
19:58:32.640;9;7850;670;132;0;100;670;98;0;110;670;107;0;110;670;61;70;190;620;154;110;470;670;194;170;530;670;115;130;480;650;680;150;361;310;890;500;0;R;40;2244;FALSE
19:58:33.614;10;8820;670;134;0;90;670;98;0;110;670;105;0;110;670;67;30;190;610;156;100;470;670;194;150;530;660;114;130;480;650;705;160;391;320;925;490;0;R;40;2244;FALSE
19:58:34.554;11;9770;670;120;0;90;670;91;0;120;670;97;0;120;670;62;80;190;610;152;100;470;670;212;150;530;670;107;120;490;660;665;160;355;320;905;510;0;R;40;2244;FALSE
19:58:35.547;12;10750;670;132;0;80;670;95;0;100;670;104;0;110;670;64;20;180;600;154;100;460;670;206;140;530;670;123;120;480;650;690;150;343;310;920;490;0;R;40;2244;FALSE
19:58:36.947;13;11720;680;127;0;100;680;97;0;120;680;104;0;120;680;61;70;190;620;164;110;480;680;196;130;540;680;102;130;490;660;690;160;358;320;905;510;0;R;40;2244;FALSE
19:58:37.506;14;12690;680;132;0;100;680;103;0;120;680;109;0;120;680;60;30;190;620;156;100;470;680;188;150;540;680;113;130;480;660;715;160;376;300;905;500;0;R;40;2244;FALSE
19:58:38.508;15;13680;690;138;0;100;690;105;0;120;690;113;0;120;630;57;70;190;640;166;110;500;690;152;300;560;690;102;140;500;670;715;160;337;320;845;510;0;R;40;2244;FALSE
19:58:39.540;16;14700;700;138;0;90;700;102;0;120;700;110;0;110;640;60;50;420;650;172;100;510;700;136;340;560;700;75;120;500;670;720;160;379;320;805;510;0;R;40;2244;FALSE
19:58:40.557;17;15710;710;122;0;120;710;97;0;140;710;103;0;140;650;56;80;210;660;162;130;510;710;152;310;580;710;92;150;510;690;675;180;382;330;835;520;0;R;40;2244;FALSE
19:58:41.526;18;16730;660;132;0;70;650;96;0;70;590;106;0;70;570;71;10;170;630;93;40;490;660;75;80;500;660;71;100;480;660;670;160;517;340;607;470;0;R;40;2244;FALSE
19:58:42.639;19;17750;750;93;0;170;750;80;0;170;750;84;0;170;700;61;30;410;700;120;90;530;750;194;350;620;750;114;320;560;730;586;190;415;340;790;570;0;R;40;2244;FALSE
19:58:43.651;20;18820;690;124;0;90;690;96;0;110;690;101;0;110;630;62;30;190;640;156;100;490;690;170;290;560;690;116;130;500;670;680;160;376;320;875;510;0;R;40;2244;FALSE
19:58:44.652;21;19820;690;121;0;110;690;96;0;140;690;102;0;130;690;56;80;200;630;146;110;480;690;176;280;550;690;117;140;500;680;675;170;379;320;870;510;0;R;40;2244;FALSE
19:58:45.635;22;20810;690;120;0;100;690;92;0;130;690;97;0;120;640;61;80;200;640;148;110;490;690;190;150;560;690;120;130;500;680;665;170;394;330;895;520;0;R;40;2244;FALSE
19:58:46.749;23;21810;690;122;0;100;690;95;0;110;690;100;0;110;690;61;70;190;630;156;90;480;690;194;140;550;690;115;120;490;670;680;160;373;320;900;500;0;R;40;2244;FALSE
19:58:47.638;24;22790;690;126;0;100;690;96;0;120;690;103;0;120;690;58;80;200;630;158;110;480;690;186;140;550;690;106;130;490;670;665;160;373;320;880;510;0;R;40;2244;FALSE
19:58:48.589;25;23770;670;116;0;90;670;88;0;110;670;93;0;110;620;68;20;180;620;140;100;470;670;208;100;540;670;121;120;490;670;690;170;409;320;910;500;0;R;40;2244;FALSE
19:58:49.589;26;24740;690;116;0;90;690;88;0;110;690;92;0;110;640;66;70;190;640;158;90;490;690;194;140;550;690;105;120;500;670;655;170;391;330;890;520;0;R;40;2244;FALSE
19:58:50.568;27;25740;670;119;0;80;670;88;0;100;670;93;0;110;670;59;70;180;610;140;100;470;670;202;120;540;670;124;120;490;660;637;160;391;310;880;500;0;R;40;2244;FALSE
19:58:51.570;28;26710;710;122;0;100;710;93;0;120;710;99;0;120;710;63;80;200;660;166;100;500;710;174;190;570;700;96;130;510;690;665;170;388;340;860;520;0;R;40;2244;FALSE
19:58:52.576;29;27720;690;123;0;110;690;95;0;130;690;103;0;130;690;61;80;200;630;152;110;480;690;190;190;550;690;108;140;500;680;670;170;403;330;880;510;0;R;40;2244;FALSE
19:58:53.556;30;28710;690;119;0;100;690;92;0;120;640;98;0;120;640;64;80;200;640;154;110;490;690;192;140;560;690;115;130;500;680;675;170;394;330;895;510;0;R;40;2244;FALSE
19:58:54.558;31;29710;690;118;0;100;690;89;0;120;690;97;0;120;690;71;30;200;640;156;100;490;690;186;140;550;690;88;130;490;670;680;170;421;330;860;510;0;R;40;2244;FALSE
19:58:55.578;32;30710;700;130;0;110;700;99;0;120;700;106;0;120;700;56;80;200;650;156;110;490;700;186;190;560;700;118;130;500;680;670;160;388;320;895;510;0;R;40;2244;FALSE
19:58:56.666;33;31700;690;121;0;100;690;93;0;120;640;99;0;120;640;63;70;200;640;164;100;480;690;190;170;550;690;97;130;490;680;660;160;397;310;880;510;0;R;40;2244;FALSE
19:58:57.542;34;32690;680;134;0;100;680;100;0;110;680;107;0;110;680;66;30;190;630;164;110;470;680;192;150;540;680;93;120;480;660;705;160;409;310;890;500;0;R;40;2244;FALSE
19:58:58.531;35;33670;690;136;0;100;690;101;0;110;690;108;0;110;690;70;30;190;630;160;100;480;690;190;150;540;690;89;130;480;670;725;160;409;320;875;510;0;R;40;2244;FALSE
19:58:59.521;36;34650;690;130;0;90;690;96;0;110;690;104;0;110;690;68;20;190;630;154;100;480;690;168;150;550;680;99;120;480;670;685;160;442;310;855;500;0;R;40;2244;FALSE
19:59:00.484;37;35630;680;120;0;80;680;90;0;90;680;103;0;90;680;83;20;180;640;142;70;500;680;144;100;540;680;58;100;470;650;710;150;526;300;770;510;0;R;40;2244;FALSE
19:59:01.558;38;36650;730;114;0;90;730;90;0;110;670;97;0;110;670;68;10;190;670;148;90;490;730;198;100;570;730;84;110;510;710;695;150;469;310;845;530;0;R;40;2244;FALSE
19:59:02.772;39;37690;700;134;0;110;700;100;0;130;700;109;0;130;650;64;30;220;650;144;120;490;700;166;190;560;700;87;170;490;680;690;170;445;330;815;510;0;R;40;2244;FALSE
19:59:03.608;40;38680;750;124;0;110;750;92;0;120;680;102;0;130;680;69;40;240;680;168;120;520;750;142;220;580;730;66;150;510;710;660;190;457;350;780;540;0;R;40;2244;FALSE
19:59:04.558;41;39690;690;128;0;140;690;98;0;160;690;107;0;150;680;82;20;270;690;160;150;500;690;87;310;550;680;47;190;510;660;700;200;556;350;705;510;0;R;40;2244;FALSE
19:59:05.169;42;40560;430;120;10;250;430;86;10;240;430;115;0;250;430;66;60;200;430;0;0;0;0;24;0;100;420;0;0;0;0;695;230;0;0;80;420;0;R;40;2244;FALSE
