App_time;Step_number;Insole_timer;Contact_time;S0_force;S0_start_time;S0_max_time;S0_end_time;S1_force;S1_start_time;S1_max_time;S1_end_time;S2_force;S2_start_time;S2_max_time;S2_end_time;S3_force;S3_start_time;S3_max_time;S3_end_time;S4_force;S4_start_time;S4_max_time;S4_end_time;S5_force;S5_start_time;S5_max_time;S5_end_time;S6_force;S6_start_time;S6_max_time;S6_end_time;F1_force;F1_time;F2_force;F2_time;F3_force;F3_time;Warning_code;Left/Right;Size;Insole_id;session
13:55:03.985;1;0;520;70;0;170;470;55;0;170;470;43;0;170;450;0;0;0;0;0;0;0;0;49;300;520;520;42;200;440;520;274;220;156;460;274;220;0;L;44;6417;1
13:55:06.495;2;1300;1730;132;0;240;1730;97;0;240;1730;100;0;240;1730;1;1730;1730;1730;3;1700;1730;1730;20;460;570;1730;24;50;240;1730;577;570;0;0;92;570;0;L;44;6417;1
13:55:07.071;3;3340;130;40;0;130;130;27;0;130;130;29;0;130;130;0;0;0;0;0;0;0;0;0;0;0;0;0;0;0;0;134;130;0;0;0;0;4;L;44;6417;1
13:55:10.301;4;5480;1350;93;50;260;810;75;60;260;810;84;50;260;810;44;150;800;1130;57;100;990;1300;62;30;1100;1350;49;0;1060;1300;670;800;0;0;523;1080;0;L;44;6417;1
13:55:12.099;5;7220;1300;119;0;170;820;86;0;170;830;102;0;200;1270;31;50;230;1030;63;60;940;1230;78;710;1120;1300;18;720;880;1220;650;880;0;0;361;1030;0;L;44;6417;1
13:55:13.610;6;8920;1210;136;0;310;970;97;0;310;970;117;0;310;960;26;30;760;970;38;10;940;1120;38;810;1010;1210;43;750;970;1190;685;760;0;0;271;1000;0;L;44;6417;1
13:55:15.266;7;10580;1200;105;0;280;1000;82;0;280;1170;89;0;280;960;23;150;340;340;41;120;510;1080;32;310;510;1170;51;10;510;1200;637;510;0;0;337;510;0;L;44;6417;1
13:55:16.720;8;12370;1320;76;0;280;1010;46;20;280;1030;87;0;280;1000;48;100;920;1120;64;90;1010;1310;0;0;0;0;23;1240;1320;1320;532;850;0;0;194;1010;0;L;44;6417;1
13:55:18.829;9;14470;1320;134;0;410;1150;97;10;410;1140;112;0;410;1130;17;910;1210;1210;34;890;1110;1320;0;0;0;0;0;0;0;0;547;410;0;0;66;1110;0;L;44;6417;1
13:55:20.190;10;16390;310;106;0;310;310;67;20;270;270;103;10;310;310;20;160;310;310;0;0;0;0;0;0;0;0;0;0;0;0;511;310;0;0;0;0;0;L;44;6417;1
13:55:22.398;11;18630;280;130;0;280;280;88;20;270;270;101;20;280;280;16;160;280;280;0;0;0;0;0;0;0;0;25;30;250;250;613;280;0;0;58;250;0;L;44;6417;1
13:55:25.054;12;20780;370;122;0;370;370;85;10;370;370;103;10;370;370;0;0;0;0;0;0;0;0;0;0;0;0;0;0;0;0;496;370;0;0;0;0;0;L;44;6417;1
13:55:28.155;13;23040;1620;170;100;660;1620;97;120;660;1590;136;120;660;1610;0;0;0;0;0;0;0;0;24;0;150;150;34;0;170;1490;740;660;0;0;128;170;0;L;44;6417;1
13:55:30.607;14;25840;1510;132;0;360;1090;88;20;360;1070;109;20;360;1070;0;0;0;0;0;0;0;0;45;950;1180;1510;54;760;1130;1480;526;360;379;1070;421;1180;0;L;44;6417;1
13:55:32.585;15;27740;1230;108;90;360;1230;71;120;360;1190;84;120;360;1190;21;190;360;1090;0;0;0;0;40;0;140;140;33;0;170;1230;634;360;0;0;210;170;0;L;44;6417;1
13:55:33.753;16;29850;400;152;0;400;400;97;30;400;400;109;30;400;400;0;0;0;0;0;0;0;0;0;0;0;0;16;90;210;210;604;400;0;0;32;210;0;L;44;6417;1
13:55:35.919;17;32100;310;124;0;310;310;84;40;310;310;98;30;310;310;18;160;310;310;0;0;0;0;27;0;140;140;0;0;0;0;607;310;0;0;64;140;0;L;44;6417;1
13:55:39.024;18;34270;1240;138;0;380;1240;88;30;380;1220;102;30;380;1230;0;0;0;0;0;0;0;0;20;10;180;1000;24;10;230;1240;601;380;0;0;96;230;0;L;44;6417;1
13:55:41.128;19;36380;1230;84;90;330;1230;61;120;330;1160;67;120;330;1180;24;190;330;1230;20;160;330;1230;37;20;250;250;55;0;290;1230;637;330;0;0;394;330;0;L;44;6417;1
13:55:43.221;20;38190;1510;116;0;260;1510;85;20;260;1150;77;30;260;1150;17;220;1280;1280;25;1010;1200;1430;35;1050;1280;1510;42;990;1280;1470;466;260;0;0;194;1270;0;L;44;6417;1
13:55:44.212;21;40190;1050;136;0;270;760;67;40;270;720;110;30;270;720;52;60;620;940;82;150;810;1020;51;610;860;1050;71;410;840;1020;655;320;622;420;665;570;0;L;44;6417;1
13:55:45.953;22;41720;1060;113;0;230;710;81;40;240;650;89;30;240;600;59;80;520;820;77;140;730;1020;55;560;820;1060;80;170;820;1030;637;290;598;420;680;820;0;L;44;6417;1
13:55:47.547;23;43300;1180;154;0;290;840;117;30;290;800;106;30;290;770;0;0;0;0;38;560;870;1100;61;620;950;1180;47;600;930;1130;604;290;355;720;463;940;0;L;44;6417;1
13:55:49.239;24;45030;1240;130;0;320;1210;106;40;320;940;114;30;320;1200;38;70;670;1210;17;770;910;1210;66;610;950;1240;47;690;960;1170;675;860;0;0;292;950;0;L;44;6417;1
13:55:52.197;25;46690;1660;74;0;300;300;80;50;300;860;116;30;300;880;27;100;410;410;68;90;1100;1660;75;700;1100;1640;77;80;1050;1620;870;1100;0;0;840;1100;0;L;44;6417;1
13:55:53.386;26;48780;1070;63;0;240;1010;77;30;240;1000;79;30;240;970;28;100;240;1030;31;50;240;1070;20;60;220;1070;42;0;230;1020;622;240;0;0;316;240;0;L;44;6417;1
13:55:54.621;27;50380;1260;76;0;310;1010;112;30;310;1010;115;40;310;1260;31;150;680;1050;37;460;1000;1210;123;670;1040;1260;72;90;1010;1210;760;940;0;0;685;1030;0;L;44;6417;1
13:55:56.691;28;52120;1030;57;0;140;1030;104;20;230;690;142;20;240;1030;55;90;480;880;124;100;760;990;97;430;830;1030;91;320;800;1020;730;240;0;0;870;800;0;L;44;6417;1
13:55:58.128;29;53590;1000;38;0;110;990;100;0;190;960;109;0;170;1000;75;60;330;700;110;110;650;940;138;290;800;1000;87;210;790;980;670;300;645;400;835;780;0;L;44;6417;1
13:55:59.356;30;55080;970;0;0;0;0;95;0;230;690;101;0;220;620;58;40;300;760;87;70;690;890;82;410;780;970;116;170;770;970;613;300;589;390;755;770;0;L;44;6417;1
13:56:00.685;31;56500;1090;0;0;0;0;120;0;270;800;121;0;270;750;55;40;600;860;35;560;800;1000;72;570;840;1090;100;170;840;1060;568;320;526;450;650;800;0;L;44;6417;1
13:56:02.652;32;58080;1270;0;0;0;0;121;0;280;590;132;0;290;1270;102;50;590;1080;87;150;940;1270;19;880;1040;1270;0;0;0;0;710;900;0;0;343;1020;0;L;44;6417;1
13:56:04.640;33;59760;1340;0;0;0;0;119;40;290;1270;106;40;290;1260;45;60;290;1180;35;20;210;1260;54;0;1090;1340;36;20;1120;1340;720;290;0;0;472;1120;0;L;44;6417;1
13:56:06.540;34;61640;1350;0;0;0;0;80;20;350;1130;119;0;350;1130;37;140;350;1100;35;30;330;1180;63;70;1120;1350;77;30;1130;1350;640;350;0;0;645;980;0;L;44;6417;1
13:56:07.818;35;63600;1020;0;0;0;0;95;10;510;770;115;0;500;780;58;10;270;790;96;30;780;970;73;380;810;1020;105;370;790;1020;523;510;0;0;810;700;0;L;44;6417;1
13:56:09.644;36;65090;980;0;0;0;0;57;10;120;410;90;0;120;460;70;40;310;870;150;50;720;950;88;390;810;980;109;230;830;980;328;120;0;0;850;780;0;L;44;6417;1
13:56:10.956;37;66530;860;0;0;0;0;103;10;240;620;107;0;230;570;46;40;270;770;73;110;630;840;105;220;650;860;122;170;650;860;448;240;0;0;760;650;0;L;44;6417;1
13:56:11.854;38;67830;910;0;0;0;0;112;10;180;630;122;0;180;630;71;50;430;800;136;90;670;910;76;430;740;910;105;150;690;910;511;180;0;0;800;710;0;L;44;6417;1
13:56:13.317;39;69220;980;0;0;0;0;109;0;150;430;121;0;150;460;56;40;270;880;83;130;600;980;99;180;600;980;102;160;600;980;511;150;0;0;750;600;0;L;44;6417;1
13:56:15.445;40;70730;1150;0;0;0;0;84;10;240;580;132;0;240;620;44;20;300;1090;176;20;890;1150;0;0;0;0;70;290;920;1120;556;240;0;0;750;890;0;L;44;6417;1
13:56:17.851;41;72410;1880;0;0;0;0;38;10;110;1880;107;0;260;1880;79;10;360;1880;64;20;1880;1880;22;1760;1880;1880;10;1030;1880;1880;577;360;216;1130;562;1880;0;L;44;6417;1
13:56:20.880;42;76090;1220;0;0;0;0;44;20;190;370;89;0;220;470;78;30;330;1070;140;60;760;1200;88;640;1000;1220;118;100;1000;1220;298;220;0;0;865;970;0;L;44;6417;1
13:56:22.986;43;77850;1560;0;0;0;0;46;10;230;1560;72;0;110;1560;74;20;270;1560;115;50;640;1560;78;220;690;1560;109;180;660;1560;262;230;0;0;790;670;0;L;44;6417;1
13:56:25.266;44;80720;970;0;0;0;0;51;0;140;940;71;0;130;890;67;40;290;890;80;110;710;960;81;370;770;970;134;150;740;970;286;140;0;0;815;750;0;L;44;6417;1
13:56:26.915;45;82160;1080;0;0;0;0;42;10;510;540;58;0;150;540;77;30;290;990;118;50;760;1060;63;470;850;1080;111;210;800;1080;224;240;0;0;800;820;0;L;44;6417;1
13:55:06.817;1;0;940;35;30;200;920;48;40;210;880;40;40;210;880;0;0;0;0;41;0;170;940;53;0;210;940;31;20;210;940;355;210;0;0;433;210;0;R;44;9004;1
13:55:07.385;2;1280;50;29;0;50;50;24;10;50;50;21;10;50;50;0;0;0;0;0;0;0;0;0;0;0;0;0;0;0;0;118;50;0;0;0;0;4;R;44;9004;1
13:55:10.514;3;4330;970;46;680;870;870;72;0;290;870;39;120;290;870;0;0;0;0;0;0;0;0;57;20;780;970;39;10;710;950;301;290;0;0;310;650;0;R;44;9004;1
13:55:14.045;4;5950;2420;0;0;0;0;56;170;1950;2300;50;180;1940;2300;17;1850;1970;2420;92;840;2420;2420;69;30;2420;2420;97;0;2340;2340;214;1950;0;0;619;2420;5;R;44;9004;1
13:55:16.160;5;9210;1280;24;90;320;900;22;210;330;670;28;210;330;670;20;220;330;1030;75;50;1000;1280;34;670;1280;1280;42;0;670;1250;180;330;0;0;370;940;0;R;44;9004;1
13:55:17.872;6;11130;1520;0;0;0;0;0;0;0;0;0;0;0;0;23;1190;1310;1310;72;210;570;1490;77;0;360;1520;58;30;1190;1520;0;0;0;0;349;570;0;R;44;9004;1
13:55:20.247;7;13320;1230;36;20;280;980;33;170;290;930;28;180;290;880;17;200;290;970;53;0;820;1120;46;680;950;1230;56;590;950;1230;188;290;0;0;343;870;0;R;44;9004;1
13:55:21.490;8;15320;290;0;0;0;0;31;120;290;290;37;100;290;290;17;180;290;290;59;10;290;290;29;30;290;290;40;0;290;290;184;290;0;0;412;290;0;R;44;9004;1
13:55:23.857;9;17560;300;0;0;0;0;50;30;300;300;26;160;300;300;16;210;300;300;39;30;300;300;0;0;0;0;42;0;300;300;262;300;0;0;334;300;0;R;44;9004;1
13:55:26.009;10;19810;300;0;0;0;0;60;40;300;300;66;30;300;300;26;150;300;300;48;0;280;280;0;0;0;0;29;10;190;190;439;300;0;0;319;280;0;R;44;9004;1
13:55:28.086;11;22180;220;51;0;190;190;78;20;220;220;88;10;220;220;19;120;220;220;14;120;220;220;0;0;0;0;0;0;0;0;439;220;0;0;34;220;4;R;44;9004;1
13:55:30.654;12;24570;350;0;0;0;0;0;0;0;0;0;0;0;0;0;0;0;0;0;0;0;0;1;350;350;350;10;0;350;350;0;0;0;0;22;350;0;R;44;9004;1
13:55:32.444;13;26460;280;0;0;0;0;31;120;280;280;34;120;280;280;11;210;280;280;45;10;280;280;0;0;0;0;39;0;220;220;200;280;0;0;301;280;0;R;44;9004;1
13:55:34.922;14;28990;230;0;0;0;0;16;140;230;230;13;160;230;230;0;0;0;0;11;20;230;230;0;0;0;0;13;0;230;230;94;230;0;0;92;230;4;R;44;9004;1
13:55:36.882;15;30860;320;28;150;310;310;39;160;320;320;44;150;320;320;27;160;320;320;55;60;320;320;40;0;180;180;35;0;180;180;373;320;0;0;520;320;0;R;44;9004;1
13:55:39.075;16;33030;300;40;100;290;290;52;130;300;300;52;120;300;300;34;110;300;300;58;0;240;240;31;40;300;300;24;30;170;170;562;300;0;0;523;300;0;R;44;9004;1
13:55:42.049;17;35190;1150;26;860;990;990;51;40;280;950;42;50;280;940;23;120;280;970;48;0;240;1110;49;10;890;1150;46;20;900;1140;254;280;0;0;457;830;0;R;44;9004;1
13:55:43.981;18;37170;1100;42;0;270;880;79;30;310;840;80;10;310;890;41;160;440;920;144;70;880;1090;53;740;940;1100;72;500;890;1100;412;310;0;0;631;820;0;R;44;9004;1
13:55:45.608;19;38780;1010;32;0;100;640;71;30;260;610;69;0;250;620;38;40;280;710;138;60;710;990;65;310;830;1010;92;170;770;1010;328;260;0;0;640;790;0;R;44;9004;1
13:55:46.671;20;40310;1090;0;0;0;0;65;30;270;770;69;0;270;820;50;50;530;880;134;70;830;1080;45;690;880;1090;80;150;830;1090;274;270;0;0;622;800;0;R;44;9004;1
13:55:48.429;21;41940;1210;0;0;0;0;79;20;310;1090;84;0;310;1000;45;80;340;1030;91;100;960;1180;45;800;1010;1210;38;760;980;1180;517;350;490;440;538;920;0;R;44;9004;1
13:55:50.092;22;43680;1140;0;0;0;0;85;10;340;980;64;0;320;980;0;0;0;0;27;920;1040;1040;49;180;900;1140;38;210;920;1130;343;400;0;0;236;910;0;R;44;9004;1
13:55:52.550;23;45780;1050;0;0;0;0;63;90;340;1020;55;60;330;1040;20;200;330;930;39;0;270;980;59;0;380;1050;46;40;380;1050;367;340;0;0;535;380;0;R;44;9004;1
13:55:53.786;24;47420;1090;0;0;0;0;74;20;210;970;79;0;210;980;33;50;210;930;47;0;210;990;20;790;910;1090;41;340;1090;1090;448;340;0;0;301;910;0;R;44;9004;1
13:55:55.450;25;49130;1050;0;0;0;0;82;20;270;1050;86;0;270;820;29;90;270;810;96;100;800;990;93;560;860;1050;83;170;820;1050;442;270;421;490;526;840;0;R;44;9004;1
13:55:57.560;26;50670;950;0;0;0;0;80;10;250;650;64;0;250;660;29;80;280;850;115;80;680;930;100;110;770;950;99;120;680;950;259;250;0;0;650;750;0;R;44;9004;1
13:55:58.878;27;52150;1000;0;0;0;0;100;0;70;570;79;0;70;440;32;40;240;570;83;60;570;990;130;70;570;1000;92;90;570;1000;352;70;0;0;715;570;0;R;44;9004;1
13:55:59.859;28;53600;980;0;0;0;0;84;10;250;790;79;0;250;770;47;40;250;780;104;60;730;920;80;500;800;980;84;390;790;980;526;250;496;410;574;690;0;R;44;9004;1
13:56:01.572;29;55080;1110;0;0;0;0;75;10;290;850;83;0;290;870;59;40;330;900;134;50;830;1060;56;700;920;1110;58;550;880;1110;580;330;535;460;574;610;0;R;44;9004;1
13:56:03.083;30;56780;1000;0;0;0;0;88;20;330;1000;83;0;330;1000;23;200;330;1000;0;0;0;0;0;0;0;0;0;0;0;0;352;330;0;0;56;1000;0;R;44;9004;1
13:56:05.096;31;58510;1290;0;0;0;0;77;0;330;1210;70;0;330;1210;31;190;330;1210;24;170;330;1290;0;0;0;0;31;60;330;1260;445;330;0;0;196;330;0;R;44;9004;1
13:56:07.982;32;60400;1830;0;0;0;0;68;0;1830;1830;68;10;380;1830;44;150;380;1800;96;140;1080;1790;16;1760;1830;1830;27;10;1830;1830;160;1830;4;1280;478;960;0;R;44;9004;1
13:56:09.887;33;63630;960;0;0;0;0;78;10;230;740;72;0;230;740;50;30;260;730;97;50;600;860;98;130;780;960;152;120;770;960;574;270;553;380;680;760;0;R;44;9004;1
13:56:11.151;34;64930;920;0;0;0;0;47;10;120;570;58;0;120;620;54;70;280;820;97;80;640;880;116;280;740;920;114;160;720;920;184;120;0;0;655;710;0;R;44;9004;1
13:56:13.016;35;66320;940;0;0;0;0;37;30;100;630;55;0;110;690;74;20;210;830;72;90;660;890;126;170;740;940;107;170;720;940;523;270;502;390;637;710;0;R;44;9004;1
13:56:14.519;36;67770;990;0;0;0;0;44;20;90;700;60;0;100;730;58;20;260;720;114;50;730;980;68;430;800;990;91;180;750;990;214;100;0;0;655;780;0;R;44;9004;1
13:56:16.227;37;69410;1050;0;0;0;0;37;10;250;490;41;0;260;510;29;160;290;810;77;210;720;1020;58;400;850;1050;72;190;840;1050;140;260;0;0;430;840;0;R;44;9004;1
13:56:17.062;38;71070;230;0;0;0;0;34;10;220;220;45;0;230;230;55;30;230;230;41;10;230;230;0;0;0;0;0;0;0;0;397;230;0;0;244;230;4;R;44;9004;1
13:56:20.020;39;72800;1350;0;0;0;0;49;0;230;640;56;0;250;630;70;70;510;1040;156;130;1040;1350;34;890;1040;1350;22;900;1040;1350;234;250;0;0;553;960;0;R;44;9004;1
13:56:21.194;40;74830;1040;0;0;0;0;0;0;0;0;0;0;0;0;95;0;270;920;90;450;880;1040;24;730;870;1040;17;720;1040;1040;0;0;0;0;400;780;0;R;44;9004;1
13:56:22.565;41;76300;950;0;0;0;0;23;280;420;420;29;270;450;450;54;10;250;860;123;0;490;950;74;90;750;950;72;20;490;950;76;450;0;0;460;310;0;R;44;9004;1
13:56:25.724;42;77790;2160;0;0;0;0;40;10;110;2150;50;0;130;2160;63;20;270;2160;166;40;770;2140;62;590;2160;2160;49;790;2160;2160;196;130;0;0;514;540;5;R;44;9004;1
13:56:27.578;43;80750;1050;0;0;0;0;28;0;250;1050;35;0;270;920;55;30;300;920;57;170;570;1040;47;490;860;1050;91;80;850;1050;170;270;0;0;619;640;0;R;44;9004;1
14:03:27.555;1;0;1180;116;0;230;710;78;10;220;780;70;0;210;680;0;0;0;0;119;80;840;1160;80;640;1010;1180;42;660;1020;1150;469;230;316;650;448;950;0;L;40;5258;2
14:03:29.244;2;1720;830;127;0;160;530;83;0;150;560;78;0;160;510;0;0;0;0;111;40;560;810;120;410;680;830;64;330;680;810;508;170;340;490;517;650;0;L;40;5258;2
14:03:30.371;3;2960;810;117;0;200;530;84;10;190;560;43;10;190;490;0;0;0;0;86;40;560;780;111;420;670;810;50;440;680;790;460;210;274;490;439;650;0;L;40;5258;2
14:03:31.541;4;4250;900;148;0;200;560;52;90;200;570;55;20;190;520;0;0;0;0;91;70;640;860;96;390;720;900;26;510;750;860;457;220;232;520;373;690;0;L;40;5258;2
14:03:33.028;5;5690;950;108;0;380;640;55;20;190;650;36;60;400;660;43;360;600;900;122;0;730;940;60;10;840;950;0;0;0;0;484;400;0;0;493;450;0;L;40;5258;2
14:03:34.679;6;7010;820;95;0;180;380;64;20;190;400;0;0;0;0;0;0;0;0;58;130;510;790;127;200;650;820;32;520;660;800;277;200;182;360;427;650;0;L;40;5258;2
14:03:36.526;7;8300;1380;148;0;200;1380;80;20;200;1380;10;1330;1380;1380;0;0;0;0;51;60;550;1380;58;470;640;750;34;480;610;1380;406;200;256;540;283;610;0;L;40;5258;2
14:03:38.589;8;10930;800;103;0;220;650;65;20;240;650;0;0;0;0;0;0;0;0;47;100;560;800;0;0;0;0;0;0;0;0;322;260;0;0;108;560;0;L;40;5258;2
14:03:40.663;9;12080;2180;116;0;1560;1890;71;20;1560;1890;31;1460;1560;1890;0;0;0;0;72;10;1890;2180;60;550;2140;2180;57;540;710;2180;424;1560;62;820;343;180;5;L;40;5258;2
14:03:41.910;10;14730;780;130;0;130;430;64;20;160;430;25;20;130;350;0;0;0;0;78;50;520;760;79;430;650;780;33;490;650;760;391;170;180;410;337;640;0;L;40;5258;2
14:03:43.118;11;15900;810;140;0;160;460;59;0;160;450;0;0;0;0;0;0;0;0;59;60;550;770;100;270;650;810;0;0;0;0;349;160;188;450;322;620;0;L;40;5258;2
14:03:44.264;12;17080;670;158;0;360;670;59;20;170;660;0;0;0;0;0;0;0;0;0;0;0;0;0;0;0;0;0;0;0;0;337;360;0;0;0;0;0;L;40;5258;2
14:03:45.681;13;18200;1070;204;0;370;820;48;20;350;800;0;0;0;0;0;0;0;0;35;590;820;1050;48;720;940;1070;0;0;0;0;403;370;152;780;202;890;0;L;40;5258;2
14:03:47.437;14;19650;920;111;0;180;630;47;10;180;630;0;0;0;0;14;140;270;880;45;80;630;900;76;540;770;920;27;820;900;900;310;230;208;610;283;750;0;L;40;5258;2
14:03:48.242;15;20970;860;121;0;170;540;51;20;170;540;0;0;0;0;0;0;0;0;0;0;0;0;58;510;700;860;28;760;840;840;277;170;68;530;166;700;0;L;40;5258;2
14:03:50.027;16;22320;840;148;0;180;550;54;20;180;540;0;0;0;0;0;0;0;0;50;80;590;810;66;400;660;840;0;0;0;0;352;180;176;520;262;660;0;L;40;5258;2
14:03:53.018;17;23660;2490;100;10;200;2240;41;20;200;2230;7;1600;1630;1630;0;0;0;0;28;0;2220;2480;39;2190;2380;2490;18;930;2490;2490;271;200;64;980;148;2320;5;L;40;5258;2
14:03:53.883;18;26540;930;100;0;180;670;49;10;180;670;0;0;0;0;0;0;0;0;45;30;650;920;43;590;790;930;23;840;910;910;289;180;0;0;160;730;0;L;40;5258;2
14:03:55.299;19;27930;950;140;0;220;690;55;30;220;680;0;0;0;0;0;0;0;0;0;0;0;0;66;570;810;950;32;620;810;940;310;220;106;650;234;810;0;L;40;5258;2
14:03:56.852;20;29480;940;130;0;180;690;51;20;180;680;0;0;0;0;0;0;0;0;0;0;0;0;53;560;780;940;0;0;0;0;286;180;110;670;162;780;0;L;40;5258;2
14:03:58.407;21;30890;1090;130;0;240;810;41;120;240;810;0;0;0;0;0;0;0;0;0;0;0;0;71;720;960;1090;37;790;980;1080;274;240;90;780;256;970;0;L;40;5258;2
14:03:59.852;22;32540;780;162;0;150;480;49;20;170;470;0;0;0;0;0;0;0;0;0;0;0;0;74;410;640;780;0;0;0;0;337;150;60;460;180;640;0;L;40;5258;2
14:04:01.333;23;33720;720;162;0;150;450;46;30;150;430;0;0;0;0;0;0;0;0;27;280;490;690;78;390;590;720;0;0;0;0;331;150;100;420;218;580;0;L;40;5258;2
14:04:02.385;24;34820;680;168;0;130;400;53;40;150;380;0;0;0;0;0;0;0;0;46;70;460;660;88;360;560;680;21;450;540;640;370;130;114;370;301;550;0;L;40;5258;2
14:04:03.368;25;35850;640;160;0;110;400;67;40;140;390;0;0;0;0;0;0;0;0;42;60;420;610;81;350;530;640;38;360;520;610;391;140;136;350;319;520;0;L;40;5258;2
14:04:04.403;26;36840;670;148;0;110;330;63;20;130;330;0;0;0;0;0;0;0;0;44;50;450;640;66;370;550;670;18;440;530;630;358;130;112;330;265;530;0;L;40;5258;2
14:04:05.424;27;37870;660;166;0;130;410;54;30;150;390;0;0;0;0;0;0;0;0;41;70;450;640;57;370;550;660;0;0;0;0;373;150;112;380;196;540;0;L;40;5258;2
14:04:06.437;28;38880;670;140;0;110;370;53;30;130;340;0;0;0;0;0;0;0;0;38;50;420;650;56;360;540;670;0;0;0;0;334;130;100;350;198;530;0;L;40;5258;2
14:04:07.858;29;39910;1060;105;0;110;1060;45;20;140;1060;0;0;0;0;11;1030;1060;1060;38;40;410;1060;37;410;550;670;0;0;0;0;271;140;108;320;250;1060;0;L;40;5258;2
14:04:09.917;30;42410;610;54;0;90;490;103;0;160;510;31;10;120;490;0;0;0;0;65;0;270;530;43;200;450;590;55;330;500;610;427;310;0;0;337;460;0;L;40;5258;2
14:04:11.181;31;43410;870;39;0;130;870;84;0;130;870;26;10;120;870;0;0;0;0;57;10;200;330;27;70;270;870;26;90;260;330;367;130;0;0;295;240;0;L;40;5258;2
14:04:13.309;32;44880;1780;130;300;1310;1670;144;300;1300;1700;37;460;630;1640;0;0;0;0;44;1380;1600;1770;66;0;1680;1780;92;420;1670;1780;604;1260;0;0;445;1660;0;L;40;5258;2
14:04:14.206;33;47090;660;90;0;30;360;150;0;120;420;43;10;120;350;0;0;0;0;117;30;450;640;103;60;540;660;74;70;530;650;544;140;358;340;541;490;0;L;40;5258;2
14:04:15.231;34;48120;650;87;0;30;340;150;10;130;390;57;0;120;320;0;0;0;0;119;30;430;630;105;290;530;650;53;250;510;630;523;140;256;320;469;480;0;L;40;5258;2
14:04:16.244;35;49130;650;111;0;30;290;148;0;110;350;41;10;100;270;0;0;0;0;121;30;440;640;113;90;540;650;62;70;520;640;556;130;322;310;547;500;0;L;40;5258;2
14:04:17.499;36;50160;660;111;0;130;400;146;10;130;440;46;10;110;360;0;0;0;0;117;40;460;650;88;330;540;660;39;340;510;650;544;140;254;350;457;510;0;L;40;5258;2
14:04:18.321;37;51190;670;115;0;130;360;122;10;140;400;38;20;120;310;0;0;0;0;115;50;460;660;97;330;550;670;37;360;530;660;496;150;192;330;439;520;0;L;40;5258;2
14:04:19.396;38;52230;700;146;0;150;420;109;10;150;430;29;30;140;350;0;0;0;0;99;50;480;680;106;340;570;700;37;360;550;680;502;160;234;370;451;550;0;L;40;5258;2
14:04:20.466;39;53300;700;144;0;120;380;104;10;120;400;24;40;120;310;0;0;0;0;98;50;450;680;112;300;570;700;47;330;560;680;478;140;226;330;454;550;0;L;40;5258;2
14:04:21.533;40;54380;690;160;0;130;410;104;10;130;420;21;50;130;310;0;0;0;0;101;40;470;670;95;330;570;690;34;350;550;670;505;140;226;340;421;540;0;L;40;5258;2
14:04:23.383;41;55430;1280;144;0;150;1280;99;10;140;1280;16;50;120;1280;0;0;0;0;83;60;480;1280;119;340;570;700;50;330;560;680;451;150;232;380;463;550;0;L;40;5258;2
14:04:25.322;42;57540;720;144;0;140;440;83;10;150;440;18;40;140;340;0;0;0;0;75;70;500;690;92;380;590;720;29;400;560;680;418;160;180;390;382;570;0;L;40;5258;2
14:04:25.823;43;58630;710;158;0;140;470;93;20;150;540;0;0;0;0;0;0;0;0;71;70;510;690;80;380;590;710;27;410;570;680;436;150;230;430;370;570;0;L;40;5258;2
14:04:26.969;44;59720;760;51;60;370;560;48;60;170;570;0;0;0;0;0;0;0;0;64;0;470;730;66;370;640;760;49;440;650;760;174;180;0;0;319;630;0;L;40;5258;2
14:04:27.803;45;60880;440;77;0;100;230;54;10;120;390;0;0;0;0;0;0;0;0;80;20;230;420;98;80;300;440;63;70;310;420;220;110;0;0;439;270;0;L;40;5258;2
14:04:28.381;46;61600;300;74;0;30;170;59;0;70;250;0;0;0;0;0;0;0;0;88;0;120;270;110;30;180;300;57;20;170;270;202;70;0;0;451;120;0;L;40;5258;2
14:04:30.581;47;62170;1480;118;0;1480;1480;79;10;90;1480;35;10;1480;1480;30;630;1440;1480;96;10;140;1470;126;50;200;1480;63;40;190;1440;496;110;54;310;529;1400;0;L;40;5258;2
14:04:32.110;48;64540;630;128;0;100;400;75;0;120;410;31;10;90;300;0;0;0;0;45;60;460;610;92;80;460;630;34;60;370;590;469;140;271;330;361;460;0;L;40;5258;2
14:04:33.425;49;65680;810;144;0;230;580;73;0;230;590;0;0;0;0;0;0;0;0;23;430;590;790;75;470;690;810;45;430;690;790;346;230;174;550;280;690;0;L;40;5258;2
14:04:34.648;50;66960;750;142;0;160;460;63;20;160;460;0;0;0;0;0;0;0;0;54;70;520;730;73;370;620;750;24;650;720;720;352;160;148;430;248;600;0;L;40;5258;2
14:04:37.386;51;68140;2750;101;30;1350;2750;58;30;1350;2750;19;1280;1350;2750;0;0;0;0;41;0;130;1970;38;500;680;1970;53;470;700;1970;355;1880;84;820;313;370;5;L;40;5258;2
14:04:39.081;52;71250;780;130;0;140;540;60;20;140;530;0;0;0;0;20;130;320;740;58;70;520;760;70;460;660;780;25;490;650;750;340;170;265;510;355;640;0;L;40;5258;2
14:04:40.657;53;72390;1310;170;0;150;1310;64;10;150;1310;15;1280;1310;1310;0;0;0;0;51;40;570;1310;97;460;670;800;59;470;690;780;403;150;244;520;418;670;0;L;40;5258;2
14:04:43.069;54;74600;1300;158;0;120;1300;59;20;120;1300;22;1130;1210;1300;0;0;0;0;35;50;380;1210;83;270;540;670;38;390;560;1300;376;120;150;380;307;1210;0;L;40;5258;2
14:04:43.986;55;76820;660;152;0;160;660;50;10;160;660;0;0;0;0;0;0;0;0;0;0;0;0;0;0;0;0;0;0;0;0;322;160;0;0;0;0;0;L;40;5258;2
14:04:45.120;56;77990;170;57;0;170;170;0;0;0;0;0;0;0;0;0;0;0;0;0;0;0;0;0;0;0;0;0;0;0;0;92;170;0;0;0;0;4;L;40;5258;2
14:03:27.042;2;670;1200;140;70;790;1100;50;60;790;1080;57;60;790;1070;15;50;160;160;59;0;180;1130;75;20;1040;1200;38;810;1070;1200;616;810;0;0;478;1040;0;R;40;2244;2
14:03:28.284;3;2580;980;138;0;200;640;26;80;190;660;74;0;240;660;15;350;550;740;117;100;750;970;88;560;840;980;0;0;0;0;421;240;295;640;394;810;0;R;40;2244;2
14:03:29.575;4;3980;870;164;10;180;590;69;0;210;600;63;10;210;580;0;0;0;0;78;90;590;830;182;120;690;870;68;110;700;830;565;210;391;490;625;680;0;R;40;2244;2
14:03:30.975;5;5250;890;172;0;140;640;83;20;150;780;70;10;160;630;0;0;0;0;98;60;640;870;142;70;730;890;73;90;740;860;610;170;445;560;577;710;0;R;40;2244;2
14:03:32.299;6;6620;940;96;0;30;720;50;0;120;860;34;0;40;280;0;0;0;0;57;10;160;880;148;10;730;940;69;10;770;930;481;160;445;280;565;710;0;R;40;2244;2
14:03:33.634;7;8100;800;198;0;200;650;63;0;160;700;79;0;180;580;0;0;0;0;77;40;590;770;102;290;640;800;49;240;650;760;565;190;385;530;475;620;0;R;40;2244;2
14:03:34.921;8;9280;910;168;0;160;650;57;0;170;640;69;0;190;630;0;0;0;0;107;30;660;880;109;480;760;910;33;510;740;850;511;180;334;580;487;720;0;R;40;2244;2
14:03:36.181;9;10510;940;146;0;130;630;59;10;130;640;60;0;180;630;0;0;0;0;111;40;670;910;90;500;770;940;36;530;770;890;457;170;322;580;442;730;0;R;40;2244;2
14:03:37.604;10;11780;1090;166;0;130;730;62;10;130;750;55;10;190;730;0;0;0;0;94;40;760;1060;104;440;900;1090;63;500;920;1060;490;190;358;690;478;860;0;R;40;2244;2
14:03:39.069;11;13210;670;101;0;450;670;55;0;450;650;42;0;160;630;0;0;0;0;45;10;450;670;38;30;230;670;20;50;550;670;505;450;0;0;307;540;0;R;40;2244;2
14:03:40.003;12;14350;1010;156;0;160;520;60;10;180;530;63;10;180;560;31;300;500;730;115;80;760;990;136;120;870;1010;17;740;850;940;508;180;322;650;505;840;0;R;40;2244;2
14:03:41.337;13;15800;790;144;0;160;420;68;10;190;440;50;20;190;420;0;0;0;0;86;100;530;760;150;130;630;790;73;120;630;740;505;200;316;390;577;620;0;R;40;2244;2
14:03:42.507;14;16960;810;158;0;170;500;72;20;190;510;54;20;190;490;0;0;0;0;88;80;560;780;146;120;650;810;66;100;660;770;541;210;364;450;580;630;0;R;40;2244;2
14:03:43.788;15;18150;790;142;0;160;560;69;20;180;700;55;10;190;540;0;0;0;0;85;50;560;760;99;80;650;790;65;90;660;760;535;200;403;510;472;620;0;R;40;2244;2
14:03:45.023;16;19270;1000;99;0;120;710;51;10;470;880;41;10;460;670;0;0;0;0;37;20;170;820;107;40;790;1000;41;500;800;950;424;480;289;670;322;780;0;R;40;2244;2
14:03:46.286;17;20690;840;182;0;230;680;55;0;220;640;62;10;220;610;0;0;0;0;70;70;620;800;98;370;680;840;24;560;700;800;505;240;325;580;400;660;0;R;40;2244;2
14:03:47.595;18;22000;840;156;0;210;680;64;10;210;610;55;10;220;600;0;0;0;0;71;50;610;820;102;100;680;840;58;100;690;810;532;230;391;530;469;670;0;R;40;2244;2
14:03:48.953;19;23250;940;170;0;210;660;60;20;220;660;59;20;230;640;0;0;0;0;92;80;670;920;122;380;770;940;46;580;790;900;502;230;316;590;493;760;0;R;40;2244;2
14:03:50.292;20;24600;930;115;0;160;690;56;0;180;700;54;0;180;650;0;0;0;0;74;40;680;870;110;80;720;930;34;90;720;870;466;210;433;330;481;720;0;R;40;2244;2
14:03:52.388;21;26020;1160;154;0;300;920;61;0;300;880;51;0;300;870;0;0;0;0;73;0;860;1110;67;730;950;1160;18;760;950;1070;472;300;337;840;358;910;0;R;40;2244;2
14:03:53.184;22;27590;830;162;0;210;650;59;0;220;620;55;10;210;580;0;0;0;0;75;80;590;800;86;390;670;830;33;430;690;790;484;220;334;540;394;640;0;R;40;2244;2
14:03:54.625;23;28870;980;166;0;230;710;63;20;260;700;55;20;250;670;0;0;0;0;73;90;670;930;132;500;780;980;54;550;800;940;493;250;352;570;502;770;0;R;40;2244;2
14:03:56.137;24;30330;1030;140;0;190;740;70;10;190;730;51;10;200;720;0;0;0;0;77;50;710;990;146;490;840;1030;61;570;850;980;472;200;370;670;538;830;0;R;40;2244;2
14:03:58.151;25;31820;1010;146;0;210;740;61;10;260;740;49;30;250;730;0;0;0;0;95;40;720;970;61;640;830;1010;33;650;840;960;469;260;298;640;361;800;0;R;40;2244;2
14:03:59.157;26;33460;910;136;20;150;580;67;20;160;580;43;20;170;550;0;0;0;0;82;0;620;890;144;10;730;910;68;500;750;870;508;170;325;490;553;730;0;R;40;2244;2
14:04:00.340;27;34780;770;200;0;150;550;79;20;170;530;60;10;170;510;0;0;0;0;107;70;570;750;123;80;620;770;43;90;610;730;619;170;355;460;559;600;0;R;40;2244;2
14:04:01.423;28;35920;720;212;0;160;510;91;0;150;500;74;0;150;470;0;0;0;0;99;70;510;700;136;320;580;720;56;330;580;690;645;160;325;410;568;560;0;R;40;2244;2
14:04:02.452;29;37000;660;200;0;140;410;97;0;130;410;70;0;130;390;0;0;0;0;90;60;450;640;166;90;520;660;77;90;510;620;650;140;322;330;634;500;0;R;40;2244;2
14:04:03.447;30;37990;670;178;0;130;390;108;10;140;410;63;10;130;360;0;0;0;0;85;60;450;640;160;80;520;670;83;70;520;630;655;140;310;310;622;500;0;R;40;2244;2
14:04:04.478;31;39010;680;180;0;120;370;97;0;130;390;65;10;130;370;0;0;0;0;96;40;460;650;146;60;530;680;48;60;510;630;634;140;295;330;562;510;0;R;40;2244;2
14:04:05.480;32;40030;660;180;0;130;400;97;0;140;420;57;0;140;370;0;0;0;0;93;50;450;640;146;80;520;660;73;70;520;630;625;150;310;320;613;510;0;R;40;2244;2
14:04:06.536;33;41040;700;188;0;140;420;102;0;140;430;61;0;140;410;0;0;0;0;97;60;480;680;140;90;550;700;53;90;540;660;631;150;304;330;565;530;0;R;40;2244;2
14:04:08.003;34;42070;690;108;10;130;600;68;0;140;600;51;0;130;570;0;0;0;0;48;30;480;670;69;30;470;690;17;70;210;580;490;150;373;270;409;390;0;R;40;2244;2
14:04:09.076;35;43120;1060;162;0;890;1060;78;10;870;1060;44;10;770;1060;0;0;0;0;0;0;0;0;0;0;0;0;0;0;0;0;448;890;0;0;0;0;0;R;40;2244;2
14:04:10.948;36;44420;1070;180;0;210;1070;73;20;230;1070;45;30;230;1060;21;860;1070;1070;62;130;1070;1070;57;220;1070;1070;20;140;1010;1010;508;230;110;790;544;1070;0;R;40;2244;2
14:04:13.709;37;48140;770;200;0;160;550;88;10;160;530;42;10;150;490;0;0;0;0;70;180;530;730;144;330;610;770;68;70;600;720;544;160;322;410;559;590;0;R;40;2244;2
14:04:14.959;38;49260;680;198;0;150;440;117;10;140;440;60;10;150;410;0;0;0;0;91;70;470;650;154;300;540;680;58;90;510;640;660;150;268;340;586;510;0;R;40;2244;2
14:04:15.767;39;50270;670;196;0;140;410;113;10;150;410;63;10;140;370;0;0;0;0;80;80;450;650;172;100;520;670;84;90;520;640;665;160;307;330;637;510;0;R;40;2244;2
14:04:16.788;40;51290;690;182;0;140;410;110;10;140;410;72;10;140;390;0;0;0;0;95;60;470;660;158;90;540;690;43;300;520;640;640;150;254;340;547;520;0;R;40;2244;2
14:04:17.829;41;52320;700;180;0;150;450;110;10;160;460;67;10;160;430;0;0;0;0;114;80;490;670;150;110;560;700;49;110;530;660;640;170;301;350;589;530;0;R;40;2244;2
14:04:18.871;42;53360;700;194;0;150;440;113;0;150;450;74;0;150;430;0;0;0;0;111;70;490;680;146;100;560;700;52;90;530;660;690;160;349;370;622;530;0;R;40;2244;2
14:04:19.937;43;54420;710;174;0;140;420;112;10;150;430;69;10;140;410;0;0;0;0;98;70;470;680;168;110;560;710;72;90;540;670;637;150;337;350;640;540;0;R;40;2244;2
14:04:21.024;44;55480;730;180;0;160;460;104;10;160;470;76;10;160;450;0;0;0;0;94;80;500;710;138;310;580;730;55;120;560;690;619;170;301;380;559;560;0;R;40;2244;2
14:04:22.179;45;56550;710;176;0;150;420;112;10;150;440;65;10;150;400;0;0;0;0;92;70;490;690;156;100;560;710;84;90;560;680;640;160;331;360;628;550;0;R;40;2244;2
14:04:23.117;46;57610;680;110;0;120;410;105;10;140;430;61;10;130;390;0;0;0;0;82;60;460;660;154;90;530;680;89;80;540;650;520;150;214;340;514;520;0;R;40;2244;2
14:04:24.418;47;58640;730;182;0;160;500;112;10;150;520;70;10;160;480;0;0;0;0;87;100;510;710;117;330;590;730;35;410;560;690;607;160;265;420;478;560;0;R;40;2244;2
14:04:25.280;48;59720;730;180;0;160;510;115;10;160;530;67;10;160;480;0;0;0;0;78;80;510;710;127;330;580;730;80;100;580;700;634;170;334;370;553;570;0;R;40;2244;2
14:04:26.594;49;60820;740;164;0;140;380;104;0;150;390;60;0;140;380;0;0;0;0;60;70;470;690;105;90;520;740;54;90;520;670;598;160;340;340;472;520;0;R;40;2244;2
14:04:27.507;50;61910;760;196;0;210;600;73;10;260;530;48;50;210;500;0;0;0;0;47;310;510;730;124;390;630;760;53;350;590;720;502;210;271;470;430;580;0;R;40;2244;2
14:04:27.992;51;62950;310;94;10;40;210;63;10;80;190;26;10;40;160;22;10;110;190;65;0;130;290;140;10;170;310;81;10;190;290;343;50;0;0;625;120;0;R;40;2244;2
14:04:28.575;52;63510;330;140;0;90;230;103;0;100;210;29;10;80;180;15;40;140;200;55;30;160;300;174;40;180;330;98;50;200;310;538;100;0;0;755;140;0;R;40;2244;2
14:04:29.732;53;64110;340;122;0;70;230;121;0;90;220;42;10;80;190;14;40;130;200;74;10;150;310;160;40;200;340;96;30;210;320;547;80;0;0;695;120;0;R;40;2244;2
14:04:31.613;54;65660;700;132;0;120;320;112;10;130;310;60;10;130;300;0;0;0;0;87;30;490;680;144;70;550;700;74;40;540;670;631;150;349;320;589;530;0;R;40;2244;2
14:04:33.007;55;66650;970;146;80;580;810;90;80;630;760;56;90;580;760;7;90;120;740;76;20;140;810;94;0;760;970;74;0;760;930;675;620;0;0;547;760;0;R;40;2244;2
14:04:33.645;56;67950;850;134;0;130;580;80;10;140;580;63;10;160;580;0;0;0;0;79;50;580;830;134;60;690;850;78;60;690;830;562;160;448;500;592;670;0;R;40;2244;2
14:04:34.807;57;69170;790;112;0;60;540;71;0;150;560;67;0;130;560;0;0;0;0;88;50;570;770;73;90;580;790;39;80;230;670;514;170;367;330;421;570;0;R;40;2244;2
14:04:36.071;58;70400;820;75;0;160;470;68;0;170;490;26;10;170;340;0;0;0;0;52;40;560;790;154;10;640;820;78;0;630;780;496;200;397;410;580;630;0;R;40;2244;2
14:04:37.125;59;71630;650;106;0;60;270;48;20;90;480;23;40;90;250;0;0;0;0;41;50;230;610;105;60;230;650;38;60;190;620;340;70;0;0;439;180;0;R;40;2244;2
14:04:37.933;60;72430;650;122;10;150;530;88;10;270;510;27;20;130;460;0;0;0;0;43;0;470;620;138;10;520;650;87;0;530;650;529;300;472;430;538;510;0;R;40;2244;2
14:04:39.266;61;73470;740;144;0;140;490;86;0;160;510;50;10;150;490;0;0;0;0;68;70;530;720;115;90;610;740;65;90;610;720;535;170;316;450;484;590;0;R;40;2244;2
14:04:40.751;62;74670;780;208;0;160;520;100;10;160;540;57;10;170;510;21;220;400;580;79;90;570;750;119;420;640;780;32;430;620;730;601;170;301;450;463;620;0;R;40;2244;2
14:04:41.274;63;75760;660;148;0;120;410;93;0;140;410;48;10;130;370;0;0;0;0;44;50;440;630;144;60;520;660;81;60;510;630;562;150;322;320;535;510;0;R;40;2244;2
14:04:42.840;64;76750;780;198;0;150;460;107;10;150;500;48;10;160;410;13;250;380;560;79;70;570;760;121;250;640;780;68;80;640;750;619;160;328;420;544;620;0;R;40;2244;2
14:04:43.625;65;77910;760;196;0;170;570;96;10;160;680;44;10;160;520;0;0;0;0;41;250;550;730;115;240;620;760;85;80;630;740;562;180;358;500;484;610;0;R;40;2244;2
14:04:45.021;66;79040;660;172;0;290;660;77;0;320;660;48;0;230;660;0;0;0;0;33;0;610;660;48;10;610;660;13;470;610;610;547;320;0;0;208;610;0;R;40;2244;2
16:42:04.595;1;0;1610;72;220;500;1610;108;70;500;1610;92;80;610;1610;4;590;610;610;60;0;240;390;41;30;230;390;57;30;270;610;660;610;601;400;625;340;0;L;42;3867;3
16:42:06.309;2;2460;860;86;360;400;860;120;350;400;860;75;350;400;860;25;360;860;860;68;0;850;850;89;0;640;840;64;10;150;820;725;400;334;510;805;860;0;L;42;3867;3
16:42:08.043;3;4460;950;110;0;200;950;132;0;210;600;112;20;210;950;0;0;0;0;154;110;720;950;37;580;760;950;105;160;720;950;622;240;460;510;660;740;0;L;42;3867;3
16:42:09.693;4;5800;910;71;0;210;810;99;20;230;880;77;30;240;770;0;0;0;0;73;110;530;910;49;260;560;880;87;140;530;870;556;300;505;410;571;560;0;L;42;3867;3
16:42:10.010;5;6950;50;27;0;50;50;33;0;50;50;17;10;40;40;0;0;0;0;0;0;0;0;0;0;0;0;0;0;0;0;124;50;0;0;0;0;4;L;42;3867;3
16:42:11.878;6;8280;1140;70;70;310;630;94;70;300;730;79;70;310;730;54;190;590;940;168;60;870;1140;67;40;890;1140;71;0;810;1130;710;330;645;430;815;840;0;L;42;3867;3
16:42:13.370;7;9860;960;110;0;250;670;138;10;250;700;102;20;260;670;0;0;0;0;115;120;720;960;68;460;790;960;136;310;750;960;607;280;529;610;690;750;0;L;42;3867;3
16:42:14.957;8;11230;960;105;0;180;690;146;10;190;710;110;20;180;650;0;0;0;0;59;520;730;960;80;350;790;960;186;130;730;960;616;240;514;570;700;730;0;L;42;3867;3
16:42:17.498;9;12930;1350;119;0;330;940;148;0;330;960;121;10;330;950;22;220;590;1040;115;190;960;1350;23;840;1350;1350;69;550;960;1350;720;340;565;830;607;960;0;L;42;3867;3
16:42:17.857;10;14730;100;18;10;100;100;31;0;100;100;19;10;100;100;0;0;0;0;0;0;0;0;0;0;0;0;0;0;0;0;110;100;0;0;0;0;4;L;42;3867;3
16:42:28.229;11;23440;1570;53;50;320;960;82;40;320;1350;67;50;330;1350;23;210;1500;1500;52;100;960;1570;0;0;0;0;53;0;330;1250;583;960;0;0;361;960;0;L;42;3867;3
16:42:29.642;12;25480;1600;154;0;350;1490;176;0;350;1520;158;0;350;1490;0;0;0;0;32;710;1460;1600;0;0;0;0;24;1480;1600;1600;775;350;0;0;62;1460;0;L;42;3867;3
16:42:31.766;13;27650;1430;95;0;270;1090;130;0;290;1150;103;10;290;1090;0;0;0;0;93;200;1200;1430;85;630;1240;1430;130;200;1180;1430;604;310;562;790;795;1210;0;L;42;3867;3
16:42:33.276;14;29710;990;116;0;290;740;148;0;290;770;123;20;290;730;0;0;0;0;90;120;750;990;60;560;800;990;150;440;770;990;705;520;640;660;730;780;0;L;42;3867;3
16:42:34.956;15;31190;1280;108;0;300;870;152;0;300;920;126;20;300;890;0;0;0;0;140;130;930;1280;29;1090;1260;1260;47;510;890;1280;665;300;466;840;487;930;0;L;42;3867;3
16:42:36.949;16;32880;1030;43;0;120;990;83;0;170;1020;42;0;130;970;0;0;0;0;40;10;180;940;30;30;180;1020;61;0;180;1030;517;180;0;0;478;180;0;L;42;3867;3
16:42:37.803;17;34610;610;109;0;610;610;164;0;610;610;130;0;610;610;0;0;0;0;68;60;370;590;67;130;400;610;91;90;400;600;840;610;0;0;562;400;0;L;42;3867;3
16:42:40.263;18;36740;930;104;0;260;680;152;0;260;700;113;10;260;660;0;0;0;0;84;100;700;930;91;490;760;930;160;380;730;930;631;260;544;590;720;730;0;L;42;3867;3
16:42:41.932;19;38300;1040;112;0;90;720;162;0;170;760;127;20;170;930;0;0;0;0;146;100;810;1040;40;600;840;1030;102;110;780;1040;695;180;544;660;680;810;0;L;42;3867;3
16:42:43.118;20;39820;710;57;0;100;630;110;0;180;660;67;10;140;620;0;0;0;0;60;100;470;710;77;120;470;710;110;110;460;710;457;170;0;0;583;470;0;L;42;3867;3
16:42:44.895;21;41130;1170;93;0;480;1170;134;0;460;1170;119;0;500;1170;46;20;560;1160;55;20;250;1140;0;0;0;0;0;0;0;0;775;550;0;0;148;250;0;L;42;3867;3
16:42:45.884;22;42580;260;57;0;140;140;92;0;170;170;70;0;140;140;15;10;110;110;39;10;210;210;0;0;0;0;32;110;260;260;538;260;0;0;210;260;0;L;42;3867;3
16:42:49.829;23;46370;300;0;0;0;0;44;0;300;300;0;0;0;0;0;0;0;0;0;0;0;0;0;0;0;0;0;0;0;0;72;300;0;0;0;0;0;L;42;3867;3
16:43:02.615;24;56877;1210;78;0;260;1210;116;0;260;1210;86;10;260;1210;0;0;0;0;25;60;250;970;0;0;0;0;0;0;0;0;496;260;0;0;52;250;0;L;42;3867;3
16:43:05.874;25;59417;1760;39;740;950;1760;89;560;950;1760;52;660;950;1760;0;0;0;0;0;0;0;0;15;0;1710;1710;0;0;0;0;310;950;0;0;32;1710;0;L;42;3867;3
16:43:06.766;26;61747;270;0;0;0;0;35;0;270;270;19;160;270;270;0;0;0;0;0;0;0;0;0;0;0;0;0;0;0;0;86;270;0;0;0;0;0;L;42;3867;3
16:43:14.722;27;69729;380;46;240;380;380;75;230;380;380;52;240;380;380;0;0;0;0;27;0;380;380;0;0;0;0;22;160;380;380;370;380;0;0;124;380;0;L;42;3867;3
16:43:15.290;28;70459;150;27;0;150;150;25;0;150;150;25;0;150;150;0;0;0;0;0;0;0;0;0;0;0;0;0;0;0;0;124;150;0;0;0;0;4;L;42;3867;3
16:43:18.043;29;72569;1100;48;90;510;750;89;70;510;750;55;80;510;740;0;0;0;0;83;0;730;1030;68;40;920;1100;99;20;730;1100;487;510;0;0;690;510;0;L;42;3867;3
16:43:20.089;30;73959;1510;97;0;730;1510;154;0;730;1510;96;70;730;1500;0;0;0;0;47;50;270;1410;0;0;0;0;44;80;300;1450;715;730;0;0;222;300;0;L;42;3867;3
16:43:21.559;31;76239;1150;111;0;620;1120;164;0;620;1150;138;0;620;1130;0;0;0;0;0;0;0;0;0;0;0;0;0;0;0;0;660;620;0;0;0;0;0;L;42;3867;3
16:43:22.391;32;77609;160;14;60;160;160;30;0;160;160;24;0;160;160;0;0;0;0;0;0;0;0;0;0;0;0;0;0;0;0;110;160;0;0;0;0;4;L;42;3867;3
16:43:28.854;33;84119;0;0;0;0;0;1;0;0;0;0;0;0;0;0;0;0;0;0;0;0;0;0;0;0;0;0;0;0;0;2;0;0;0;0;0;4;L;42;3867;3
16:43:42.803;34;99400;870;69;0;170;450;119;0;200;520;102;10;180;480;0;0;0;0;114;90;620;870;102;200;700;870;158;180;650;870;544;220;475;370;745;660;0;L;42;3867;3
16:43:44.642;35;100700;960;121;10;70;440;160;0;120;500;138;10;120;450;30;70;180;360;88;80;540;960;75;180;720;960;124;110;540;960;775;140;568;300;685;540;0;L;42;3867;3
16:43:45.262;36;102000;270;17;160;260;260;33;120;260;260;27;140;270;270;0;0;0;0;59;0;270;270;43;20;270;270;60;10;270;270;172;270;0;0;433;270;0;L;42;3867;3
16:43:49.603;37;104890;1730;68;0;280;1270;107;0;280;1350;76;20;280;1320;28;1330;1470;1470;48;1120;1730;1730;0;0;0;0;0;0;0;0;400;280;0;0;92;1730;0;L;42;3867;3
16:43:50.942;38;107100;1300;89;60;450;1300;136;0;450;1300;97;10;450;1280;0;0;0;0;0;0;0;0;0;0;0;0;0;0;0;0;514;450;0;0;0;0;0;L;42;3867;3
16:43:52.754;39;109100;1110;81;0;310;740;140;0;330;790;107;10;320;750;0;0;0;0;112;190;830;1110;49;610;920;1110;142;400;860;1110;568;350;490;600;675;860;0;L;42;3867;3
16:43:54.516;40;110650;870;64;10;160;480;110;0;170;550;77;10;170;510;33;20;230;580;134;20;630;870;76;390;710;870;140;60;640;870;628;220;538;380;775;670;0;L;42;3867;3
16:43:55.660;41;111900;760;99;0;200;470;146;0;200;510;97;60;210;670;21;90;220;540;138;90;570;760;61;340;600;750;134;290;570;760;685;220;520;410;730;580;0;L;42;3867;3
16:43:59.220;42;113760;2470;91;10;750;1690;138;0;750;1690;108;10;750;2340;13;1620;1690;1690;89;430;2470;2470;46;460;2460;2460;87;450;2470;2470;598;750;0;0;469;2470;5;L;42;3867;3
16:44:00.002;43;116540;810;99;30;800;800;184;20;790;810;136;30;790;810;0;0;0;0;95;0;220;810;65;0;260;810;110;0;560;810;805;790;0;0;607;270;0;L;42;3867;3
16:44:01.637;44;117830;800;53;0;100;440;114;0;150;620;81;40;180;470;38;90;330;680;99;90;550;800;34;330;550;790;73;210;550;800;595;280;484;450;553;550;0;L;42;3867;3
16:44:02.334;45;119240;90;0;0;0;0;16;0;90;90;0;0;0;0;0;0;0;0;0;0;0;0;0;0;0;0;0;0;0;0;26;90;0;0;0;0;4;L;42;3867;3
16:44:07.071;46;122140;60;0;0;0;0;22;0;60;60;0;0;0;0;0;0;0;0;0;0;0;0;0;0;0;0;0;0;0;0;36;60;0;0;0;0;4;L;42;3867;3
16:44:14.977;47;129370;890;59;120;430;870;103;100;430;890;66;100;430;870;29;50;160;760;71;0;150;830;26;70;200;860;62;80;360;890;685;430;613;310;640;240;0;L;42;3867;3
16:44:17.170;48;131400;1050;60;0;370;370;101;0;370;1050;83;0;990;990;45;860;1050;1050;95;60;1050;1050;39;460;690;1050;52;450;690;1050;700;1040;0;0;445;690;0;L;42;3867;3
16:44:18.737;49;133490;120;0;0;0;0;24;0;120;120;0;0;0;0;0;0;0;0;0;0;0;0;0;0;0;0;0;0;0;0;38;120;0;0;0;0;4;L;42;3867;3
16:44:22.983;50;138160;550;46;0;550;550;56;0;550;550;48;10;550;550;0;0;0;0;0;0;0;0;27;0;130;510;27;0;130;500;234;550;0;0;100;130;0;L;42;3867;3
16:44:25.863;51;139880;1050;93;0;280;660;146;0;280;740;120;10;280;680;28;90;450;780;134;100;800;1050;88;500;890;1050;144;380;860;1050;715;300;583;630;820;850;0;L;42;3867;3
16:44:26.750;52;141350;470;57;0;130;330;103;0;140;400;66;0;130;470;36;310;470;470;82;70;460;460;48;80;290;470;58;80;280;470;640;470;0;0;529;330;0;L;42;3867;3
16:44:27.743;53;142320;830;55;0;390;830;81;0;400;830;32;0;210;830;26;260;390;820;31;290;830;830;0;0;0;0;48;270;600;750;226;610;0;0;72;830;0;L;42;3867;3
16:44:28.224;54;143330;160;26;0;160;160;35;0;160;160;24;10;160;160;0;0;0;0;0;0;0;0;0;0;0;0;0;0;0;0;136;160;0;0;0;0;4;L;42;3867;3
16:44:32.824;55;147960;130;20;20;130;130;29;10;130;130;0;0;0;0;0;0;0;0;23;10;130;130;0;0;0;0;29;0;130;130;92;130;0;0;14;130;4;L;42;3867;3
16:44:37.529;56;151780;1010;115;130;670;950;150;140;670;970;116;130;670;950;45;90;210;920;90;0;130;1010;34;40;890;1010;46;90;890;1010;925;670;589;330;795;210;0;L;42;3867;3
16:44:39.536;57;154240;1010;98;0;90;600;148;0;150;630;132;10;140;610;0;0;0;0;39;410;610;1010;51;430;780;1000;168;140;650;1010;586;150;490;360;589;650;0;L;42;3867;3
16:44:41.204;58;155660;1050;71;0;90;590;134;0;210;690;99;0;210;610;0;0;0;0;103;100;710;1050;39;420;710;1040;154;110;710;1050;571;240;499;400;650;710;0;L;42;3867;3
16:44:42.859;59;157040;1070;30;750;880;1070;63;20;870;1070;33;740;870;1070;0;0;0;0;85;0;400;1060;47;40;390;1040;91;30;580;1040;439;860;367;510;415;400;0;L;42;3867;3
16:42:04.776;1;0;420;92;170;420;420;91;130;420;420;85;130;420;420;14;250;420;420;35;30;420;420;24;0;140;140;37;10;420;420;660;420;0;0;280;420;0;R;42;5820;3
16:42:07.161;2;2480;1080;111;20;280;620;110;0;280;710;106;0;290;680;33;120;530;890;140;20;810;1080;65;450;880;1080;124;20;840;1080;710;300;574;580;715;840;0;R;42;5820;3
16:42:08.560;3;3970;990;108;0;100;430;91;10;140;510;91;0;130;500;35;50;320;690;130;90;700;990;78;130;750;990;122;140;700;990;613;250;553;410;700;720;0;R;42;5820;3
16:42:10.167;4;5240;770;106;0;570;770;97;0;570;770;88;0;570;770;33;20;300;630;53;20;270;630;18;40;200;200;31;60;290;290;755;570;0;0;313;290;0;R;42;5820;3
16:42:12.598;5;7950;1040;124;0;320;720;115;0;320;760;125;0;310;750;35;60;510;810;114;90;780;1040;61;490;840;1040;152;350;800;1040;720;340;610;660;725;800;0;R;42;5820;3
16:42:13.916;6;9410;900;115;0;100;560;107;0;200;620;105;0;190;600;33;70;380;710;132;100;680;900;67;370;730;900;148;140;690;900;660;260;559;500;735;690;0;R;42;5820;3
16:42:15.747;7;10820;1310;148;10;70;450;127;0;120;480;128;0;120;480;39;50;310;950;156;70;950;1310;70;200;1030;1310;126;100;950;1310;710;130;565;410;810;950;0;R;42;5820;3
16:42:17.675;8;12670;1080;73;0;360;1080;95;0;370;1080;83;0;370;1080;21;230;650;990;71;180;750;1080;24;530;810;1080;83;200;770;1080;601;400;526;550;568;660;0;R;42;5820;3
16:42:23.519;9;17370;1970;58;0;350;1840;51;0;350;1970;54;0;1070;1840;21;1040;1250;1400;59;1260;1840;1970;34;1340;1840;1840;88;1040;1840;1970;244;1070;0;0;322;1840;0;R;42;5820;3
16:42:26.791;10;20140;2480;74;1610;2130;2470;76;1590;2130;2480;59;1630;2130;2470;18;660;890;2310;59;0;890;2460;40;310;560;2460;48;800;1880;2480;406;2130;0;0;186;1850;5;R;42;5820;3
16:42:28.841;11;23500;1170;29;40;260;980;57;0;270;1050;39;0;270;1010;26;10;330;980;81;0;510;1150;45;10;570;1160;112;20;570;1170;307;270;0;0;690;840;0;R;42;5820;3
16:42:30.435;12;25640;1170;109;0;250;850;113;0;270;920;102;0;260;890;34;30;520;980;114;30;890;1170;51;500;950;1170;115;50;920;1170;695;320;665;730;690;880;0;R;42;5820;3
16:42:32.476;13;27660;1190;115;0;240;780;122;0;260;860;119;0;260;830;50;70;630;1000;138;90;900;1190;60;690;990;1190;146;140;950;1190;730;330;625;710;775;950;0;R;42;5820;3
16:42:33.993;14;29290;1070;106;0;300;760;124;0;250;810;102;0;250;780;20;50;680;850;108;80;800;1070;51;500;850;1070;146;110;820;1070;690;340;616;650;670;810;0;R;42;5820;3
16:42:35.613;15;30960;1020;98;0;300;850;112;0;310;900;98;0;300;880;23;170;700;940;84;80;770;1020;24;470;750;990;80;110;670;1000;665;330;580;460;616;690;0;R;42;5820;3
16:42:37.446;16;32500;1310;126;10;260;850;132;0;260;900;119;10;260;900;52;130;790;1150;166;40;1020;1310;21;850;1060;1290;57;0;950;1290;750;270;0;0;571;1030;0;R;42;5820;3
16:42:40.307;17;34310;1580;67;20;240;750;79;0;240;830;64;10;250;820;45;30;580;920;150;30;920;1580;32;80;1580;1580;67;80;1320;1580;640;320;607;450;685;1320;0;R;42;5820;3
16:42:41.018;18;36290;1090;119;0;90;600;130;0;160;740;108;0;130;640;42;60;480;880;146;80;830;1090;86;450;900;1090;160;120;880;1090;680;190;571;630;840;860;0;R;42;5820;3
16:42:42.600;19;37900;1050;92;0;90;540;93;0;120;600;86;0;230;580;50;50;460;920;180;70;800;1050;27;550;820;1010;78;110;720;1040;655;280;556;540;675;780;0;R;42;5820;3
16:42:44.472;20;39140;1120;54;60;520;950;76;30;530;990;62;20;510;960;42;0;190;940;57;20;190;1070;17;600;850;1110;79;390;850;1120;568;830;0;0;529;850;0;R;42;5820;3
16:42:45.932;21;40940;740;134;20;210;740;128;0;210;740;105;0;210;740;17;10;190;570;25;10;210;210;0;0;0;0;21;40;460;560;730;210;0;0;108;460;0;R;42;5820;3
16:42:48.026;22;43560;250;43;10;250;250;54;0;250;250;46;0;250;250;27;0;250;250;46;0;250;250;0;0;0;0;0;0;0;0;409;250;0;0;156;250;0;R;42;5820;3
16:42:49.529;23;44850;470;16;340;470;470;0;0;0;0;0;0;0;0;0;0;0;0;9;0;80;470;0;0;0;0;0;0;0;0;18;80;0;0;12;80;0;R;42;5820;3
16:43:01.568;24;55860;1510;82;80;1350;1510;77;70;1340;1510;69;80;1340;1510;0;0;0;0;53;0;1000;1510;0;0;0;0;29;810;1000;1500;424;1340;307;1000;343;430;0;R;42;5820;3
16:43:02.380;25;57890;260;103;10;260;260;92;0;260;260;82;10;260;260;13;90;250;250;25;20;260;260;0;0;0;0;0;0;0;0;538;260;0;0;60;260;0;R;42;5820;3
16:43:06.025;26;59320;2270;42;1120;1350;2270;45;1130;1360;2270;33;1130;1360;2270;22;370;2270;2270;33;370;2270;2270;0;0;0;0;47;0;250;2270;286;2270;0;0;180;2270;5;R;42;5820;3
16:43:06.665;27;62180;250;34;0;250;250;13;140;250;250;14;130;250;250;0;0;0;0;0;0;0;0;0;0;0;0;0;0;0;0;98;250;0;0;0;0;0;R;42;5820;3
16:43:09.318;28;65140;400;0;0;0;0;0;0;0;0;0;0;0;0;0;0;0;0;0;0;0;0;0;0;0;0;35;0;200;400;0;0;0;0;68;200;0;R;42;5820;3
16:43:14.767;29;69310;1180;61;10;1180;1180;56;20;1180;1180;45;50;1180;1180;17;310;500;1120;43;150;500;1120;0;0;0;0;61;0;340;1070;252;340;0;0;160;500;0;R;42;5820;3
16:43:16.938;30;71860;1160;96;10;970;1160;89;0;970;1160;85;10;970;1160;27;10;880;1160;73;0;470;1160;50;0;360;970;84;30;440;970;730;970;0;0;660;470;0;R;42;5820;3
16:43:18.677;31;73540;1220;40;20;420;870;61;0;420;920;44;0;420;890;15;320;470;960;97;0;850;1190;69;0;910;1220;112;20;870;1220;298;420;0;0;670;820;0;R;42;5820;3
16:43:21.391;32;75400;1740;136;220;830;1430;134;190;830;1450;112;210;830;1440;28;190;1200;1430;59;70;1450;1720;54;0;1550;1740;64;20;1420;1740;905;1190;0;0;490;1450;0;R;42;5820;3
16:43:22.064;33;77460;350;25;40;100;300;41;0;110;310;28;10;110;300;20;10;220;220;67;0;350;350;40;10;350;350;62;10;350;350;212;110;0;0;451;350;0;R;42;5820;3
16:43:42.282;34;97370;980;80;20;200;610;98;0;200;660;69;20;210;630;27;50;510;810;127;40;730;980;89;0;800;980;124;10;720;980;670;240;613;530;740;760;0;R;42;5820;3
16:43:43.341;35;98770;840;130;0;140;510;136;0;150;550;120;0;160;520;34;50;380;640;130;80;630;840;88;300;680;840;122;270;640;840;735;180;544;470;735;660;0;R;42;5820;3
16:43:44.754;36;100100;920;99;0;90;380;102;0;160;660;83;0;140;630;34;60;550;750;103;90;610;920;56;120;380;910;83;120;400;900;628;210;544;370;660;570;0;R;42;5820;3
16:43:45.583;37;101100;210;0;0;0;0;22;0;120;120;12;0;100;100;0;0;0;0;23;50;210;210;16;50;210;210;28;70;210;210;76;120;0;0;180;210;4;R;42;5820;3
16:43:46.284;38;101980;30;0;0;0;0;5;0;30;30;0;0;0;0;0;0;0;0;0;0;0;0;0;0;0;0;0;0;0;0;8;30;0;0;0;0;4;R;42;5820;3
16:43:48.455;39;103020;1150;26;0;150;470;28;0;160;560;20;10;150;490;20;40;280;650;75;10;590;860;59;240;660;1150;105;160;630;1150;110;160;0;0;412;620;0;R;42;5820;3
16:43:49.993;40;104850;1400;49;10;400;1020;72;0;410;1090;56;0;410;1060;22;180;460;1230;62;70;980;1400;27;110;1240;1400;55;100;480;1400;610;470;0;0;580;980;0;R;42;5820;3
16:43:51.933;41;106710;1480;101;100;390;1000;111;70;390;1040;96;90;390;1030;41;230;870;1250;172;60;1160;1480;64;0;1170;1480;94;0;1070;1480;730;420;700;530;790;1140;0;R;42;5820;3
16:43:53.306;42;108620;930;66;0;230;460;92;0;240;530;64;0;230;500;37;40;390;690;146;80;710;930;82;120;760;930;115;110;670;930;616;290;568;400;735;720;0;R;42;5820;3
16:43:54.587;43;110020;820;104;10;130;470;119;0;140;520;98;0;140;500;34;30;330;610;136;60;600;820;86;310;670;820;176;90;660;820;680;170;550;400;805;640;0;R;42;5820;3
16:43:55.595;44;111110;740;78;0;150;380;103;0;150;430;82;0;150;400;33;50;240;470;125;60;530;740;75;90;550;720;120;110;520;730;616;200;559;330;690;530;0;R;42;5820;3
16:43:57.342;45;112120;920;67;0;60;920;94;0;60;920;53;0;60;920;29;0;190;920;60;10;200;920;35;20;170;890;58;20;170;920;628;190;0;0;535;190;0;R;42;5820;3
16:43:59.390;46;114660;770;104;0;170;430;123;0;170;480;104;0;170;450;29;50;290;510;100;70;510;750;72;230;540;770;108;90;490;770;680;190;553;380;619;530;0;R;42;5820;3
16:44:00.557;47;116010;800;115;10;130;470;142;0;130;520;105;0;120;480;23;10;360;610;115;10;570;800;84;0;610;800;150;0;570;800;800;140;574;300;750;580;0;R;42;5820;3
16:44:02.528;48;117060;850;62;0;130;440;78;0;140;440;57;0;140;440;44;60;470;470;79;70;470;850;23;80;240;240;45;70;250;470;628;250;589;340;680;470;0;R;42;5820;3
16:44:06.677;49;122120;240;30;0;240;240;31;0;240;240;26;0;240;240;0;0;0;0;8;160;240;240;0;0;0;0;10;150;240;240;176;240;0;0;46;240;4;R;42;5820;3
16:44:10.710;50;125448;240;51;0;240;240;52;0;240;240;40;10;240;240;0;0;0;0;15;10;210;210;0;0;0;0;35;0;240;240;322;240;0;0;134;240;4;R;42;5820;3
16:44:13.748;51;128288;980;26;290;520;520;25;0;930;930;20;320;600;600;19;110;360;980;89;0;660;980;25;300;750;960;63;0;600;960;100;930;0;0;292;660;0;R;42;5820;3
16:44:16.596;52;129708;1860;142;20;700;1480;136;10;700;1520;123;20;700;1500;74;20;1400;1720;115;0;1500;1860;29;0;210;1690;40;0;230;420;900;700;0;0;445;1500;0;R;42;5820;3
16:44:24.334;53;138778;1070;88;10;230;600;97;0;230;680;81;0;230;640;34;10;330;820;140;20;790;1070;84;320;850;1070;121;170;840;1070;625;270;550;420;755;830;0;R;42;5820;3
16:44:25.810;54;140418;910;128;10;70;410;132;0;130;470;110;0;110;430;27;30;290;530;121;70;610;910;62;220;670;910;134;100;610;910;690;160;541;310;690;610;0;R;42;5820;3
16:44:36.154;55;149778;1880;120;0;1290;1880;158;0;1280;1880;102;0;140;1880;79;20;930;1880;100;30;1660;1880;54;1070;1640;1880;140;60;1620;1880;950;1370;0;0;910;1640;0;R;42;5820;3
16:44:38.665;56;152358;1810;220;0;120;1530;210;0;120;1560;160;0;120;1530;19;20;120;1620;96;840;1590;1810;70;1400;1630;1810;146;840;1590;1810;1010;120;90;460;535;1600;0;R;42;5820;3
16:44:40.121;57;154678;940;140;0;90;430;132;0;130;480;103;0;110;450;30;60;270;610;134;90;650;940;89;120;740;940;144;110;690;940;670;170;550;350;770;690;0;R;42;5820;3
16:44:42.315;58;156018;1140;73;10;330;790;102;0;330;850;76;10;330;810;22;160;340;850;78;60;720;1060;33;470;820;1130;107;90;770;1140;637;340;565;460;598;580;0;R;42;5820;3
